step,train_loss,val_loss,train_acc,val_acc,in_context_acc
0,0.6931473612785339,0.6916697025299072,0.49900001287460327,0.5799999833106995,0.8219000101089478
1,0.6917558312416077,0.6916697025299072,0.5820000171661377,0.5799999833106995,0.8219000101089478
2,0.6903882622718811,0.6916697025299072,0.621999979019165,0.5799999833106995,0.8219000101089478
3,0.6895489692687988,0.6916697025299072,0.6230000257492065,0.5799999833106995,0.8219000101089478
4,0.688336193561554,0.6916697025299072,0.6430000066757202,0.5799999833106995,0.8219000101089478
5,0.6859220862388611,0.6916697025299072,0.6700000166893005,0.5799999833106995,0.8219000101089478
6,0.6856347918510437,0.6916697025299072,0.6909999847412109,0.5799999833106995,0.8219000101089478
7,0.6853128671646118,0.6916697025299072,0.6639999747276306,0.5799999833106995,0.8219000101089478
8,0.6833311915397644,0.6916697025299072,0.6880000233650208,0.5799999833106995,0.8219000101089478
9,0.6815494298934937,0.6916697025299072,0.7099999785423279,0.5799999833106995,0.8219000101089478
10,0.6809148192405701,0.6916697025299072,0.6959999799728394,0.5799999833106995,0.8219000101089478
11,0.679789662361145,0.6916697025299072,0.6980000138282776,0.5799999833106995,0.8219000101089478
12,0.6782695651054382,0.6916697025299072,0.7110000252723694,0.5799999833106995,0.8219000101089478
13,0.6779083609580994,0.6916697025299072,0.718999981880188,0.5799999833106995,0.8219000101089478
14,0.6768231987953186,0.6916697025299072,0.7179999947547913,0.5799999833106995,0.8219000101089478
15,0.6746745705604553,0.6916697025299072,0.7179999947547913,0.5799999833106995,0.8219000101089478
16,0.6749507784843445,0.6916697025299072,0.7129999995231628,0.5799999833106995,0.8219000101089478
17,0.6757204532623291,0.6916697025299072,0.7049999833106995,0.5799999833106995,0.8219000101089478
18,0.6718343496322632,0.6916697025299072,0.7409999966621399,0.5799999833106995,0.8219000101089478
19,0.6689164042472839,0.6916697025299072,0.7490000128746033,0.5799999833106995,0.8219000101089478
20,0.6727850437164307,0.6916697025299072,0.7129999995231628,0.5799999833106995,0.8219000101089478
21,0.6688690185546875,0.6916697025299072,0.7390000224113464,0.5799999833106995,0.8219000101089478
22,0.6677758693695068,0.6916697025299072,0.746999979019165,0.5799999833106995,0.8219000101089478
23,0.6623536348342896,0.6916697025299072,0.7549999952316284,0.5799999833106995,0.8219000101089478
24,0.6641050577163696,0.6916697025299072,0.7450000047683716,0.5799999833106995,0.8219000101089478
25,0.6668017506599426,0.6916697025299072,0.7139999866485596,0.5799999833106995,0.8219000101089478
26,0.6641951203346252,0.6916697025299072,0.7440000176429749,0.5799999833106995,0.8219000101089478
27,0.6637089252471924,0.6916697025299072,0.7429999709129333,0.5799999833106995,0.8219000101089478
28,0.658160924911499,0.6916697025299072,0.765999972820282,0.5799999833106995,0.8219000101089478
29,0.6625934839248657,0.6916697025299072,0.7369999885559082,0.5799999833106995,0.8219000101089478
30,0.6603010296821594,0.6916697025299072,0.7509999871253967,0.5799999833106995,0.8219000101089478
31,0.6585431098937988,0.6916697025299072,0.765999972820282,0.5799999833106995,0.8219000101089478
32,0.6549808979034424,0.6916697025299072,0.7609999775886536,0.5799999833106995,0.8219000101089478
33,0.6527222990989685,0.6916697025299072,0.7670000195503235,0.5799999833106995,0.8219000101089478
34,0.6564791202545166,0.6916697025299072,0.7559999823570251,0.5799999833106995,0.8219000101089478
35,0.6560522317886353,0.6916697025299072,0.7580000162124634,0.5799999833106995,0.8219000101089478
36,0.6509928107261658,0.6916697025299072,0.7609999775886536,0.5799999833106995,0.8219000101089478
37,0.6500830054283142,0.6916697025299072,0.7609999775886536,0.5799999833106995,0.8219000101089478
38,0.6555162072181702,0.6916697025299072,0.7360000014305115,0.5799999833106995,0.8219000101089478
39,0.6500595808029175,0.6916697025299072,0.7509999871253967,0.5799999833106995,0.8219000101089478
40,0.6479551196098328,0.6916697025299072,0.7570000290870667,0.5799999833106995,0.8219000101089478
41,0.6431022882461548,0.6916697025299072,0.7699999809265137,0.5799999833106995,0.8219000101089478
42,0.6483696103096008,0.6916697025299072,0.7649999856948853,0.5799999833106995,0.8219000101089478
43,0.6459921598434448,0.6916697025299072,0.7590000033378601,0.5799999833106995,0.8219000101089478
44,0.6421819925308228,0.6916697025299072,0.7850000262260437,0.5799999833106995,0.8219000101089478
45,0.6455519795417786,0.6916697025299072,0.7689999938011169,0.5799999833106995,0.8219000101089478
46,0.6433303356170654,0.6916697025299072,0.7580000162124634,0.5799999833106995,0.8219000101089478
47,0.6367563605308533,0.6916697025299072,0.7839999794960022,0.5799999833106995,0.8219000101089478
48,0.6429216861724854,0.6916697025299072,0.7559999823570251,0.5799999833106995,0.8219000101089478
49,0.6407831907272339,0.6916697025299072,0.781000018119812,0.5799999833106995,0.8219000101089478
50,0.642626166343689,0.6422931551933289,0.7599999904632568,0.7639999985694885,0.9929999709129333
51,0.6413220167160034,0.6422931551933289,0.7599999904632568,0.7639999985694885,0.9929999709129333
52,0.6456897854804993,0.6422931551933289,0.7369999885559082,0.7639999985694885,0.9929999709129333
53,0.6403382420539856,0.6422931551933289,0.7480000257492065,0.7639999985694885,0.9929999709129333
54,0.6413570642471313,0.6422931551933289,0.7649999856948853,0.7639999985694885,0.9929999709129333
55,0.6416409015655518,0.6422931551933289,0.7549999952316284,0.7639999985694885,0.9929999709129333
56,0.6397145986557007,0.6422931551933289,0.765999972820282,0.7639999985694885,0.9929999709129333
57,0.6401349902153015,0.6422931551933289,0.7509999871253967,0.7639999985694885,0.9929999709129333
58,0.6377354860305786,0.6422931551933289,0.7570000290870667,0.7639999985694885,0.9929999709129333
59,0.6367747783660889,0.6422931551933289,0.753000020980835,0.7639999985694885,0.9929999709129333
60,0.6307547688484192,0.6422931551933289,0.7720000147819519,0.7639999985694885,0.9929999709129333
61,0.6309781074523926,0.6422931551933289,0.7680000066757202,0.7639999985694885,0.9929999709129333
62,0.631542980670929,0.6422931551933289,0.765999972820282,0.7639999985694885,0.9929999709129333
63,0.6240166425704956,0.6422931551933289,0.7940000295639038,0.7639999985694885,0.9929999709129333
64,0.6278862357139587,0.6422931551933289,0.7730000019073486,0.7639999985694885,0.9929999709129333
65,0.6311661601066589,0.6422931551933289,0.7519999742507935,0.7639999985694885,0.9929999709129333
66,0.6340709328651428,0.6422931551933289,0.7490000128746033,0.7639999985694885,0.9929999709129333
67,0.6218119263648987,0.6422931551933289,0.7820000052452087,0.7639999985694885,0.9929999709129333
68,0.6266030073165894,0.6422931551933289,0.7599999904632568,0.7639999985694885,0.9929999709129333
69,0.6306938529014587,0.6422931551933289,0.7599999904632568,0.7639999985694885,0.9929999709129333
70,0.6255930066108704,0.6422931551933289,0.7720000147819519,0.7639999985694885,0.9929999709129333
71,0.6257424354553223,0.6422931551933289,0.7699999809265137,0.7639999985694885,0.9929999709129333
72,0.6282726526260376,0.6422931551933289,0.7490000128746033,0.7639999985694885,0.9929999709129333
73,0.6158643960952759,0.6422931551933289,0.7950000166893005,0.7639999985694885,0.9929999709129333
74,0.6181846857070923,0.6422931551933289,0.7850000262260437,0.7639999985694885,0.9929999709129333
75,0.6156447529792786,0.6422931551933289,0.777999997138977,0.7639999985694885,0.9929999709129333
76,0.6255244016647339,0.6422931551933289,0.7509999871253967,0.7639999985694885,0.9929999709129333
77,0.6176047921180725,0.6422931551933289,0.7720000147819519,0.7639999985694885,0.9929999709129333
78,0.6187407374382019,0.6422931551933289,0.7649999856948853,0.7639999985694885,0.9929999709129333
79,0.6123560667037964,0.6422931551933289,0.7979999780654907,0.7639999985694885,0.9929999709129333
80,0.6218087673187256,0.6422931551933289,0.7580000162124634,0.7639999985694885,0.9929999709129333
81,0.6052454113960266,0.6422931551933289,0.8100000023841858,0.7639999985694885,0.9929999709129333
82,0.624699592590332,0.6422931551933289,0.7519999742507935,0.7639999985694885,0.9929999709129333
83,0.6235861778259277,0.6422931551933289,0.7519999742507935,0.7639999985694885,0.9929999709129333
84,0.6180238723754883,0.6422931551933289,0.7680000066757202,0.7639999985694885,0.9929999709129333
85,0.6094262003898621,0.6422931551933289,0.7770000100135803,0.7639999985694885,0.9929999709129333
86,0.6122637987136841,0.6422931551933289,0.7850000262260437,0.7639999985694885,0.9929999709129333
87,0.6185476779937744,0.6422931551933289,0.7599999904632568,0.7639999985694885,0.9929999709129333
88,0.6205459237098694,0.6422931551933289,0.7519999742507935,0.7639999985694885,0.9929999709129333
89,0.6160302758216858,0.6422931551933289,0.7680000066757202,0.7639999985694885,0.9929999709129333
90,0.618787944316864,0.6422931551933289,0.7459999918937683,0.7639999985694885,0.9929999709129333
91,0.6138527989387512,0.6422931551933289,0.7609999775886536,0.7639999985694885,0.9929999709129333
92,0.6049936413764954,0.6422931551933289,0.7850000262260437,0.7639999985694885,0.9929999709129333
93,0.6166802048683167,0.6422931551933289,0.7680000066757202,0.7639999985694885,0.9929999709129333
94,0.6069639921188354,0.6422931551933289,0.777999997138977,0.7639999985694885,0.9929999709129333
95,0.6057219505310059,0.6422931551933289,0.7839999794960022,0.7639999985694885,0.9929999709129333
96,0.6190241575241089,0.6422931551933289,0.7519999742507935,0.7639999985694885,0.9929999709129333
97,0.6089326739311218,0.6422931551933289,0.7749999761581421,0.7639999985694885,0.9929999709129333
98,0.6141406893730164,0.6422931551933289,0.7580000162124634,0.7639999985694885,0.9929999709129333
99,0.6171932220458984,0.6422931551933289,0.7620000243186951,0.7639999985694885,0.9929999709129333
100,0.6184402704238892,0.6070756912231445,0.7519999742507935,0.7730000019073486,0.9955000281333923
101,0.6151760220527649,0.6070756912231445,0.7599999904632568,0.7730000019073486,0.9955000281333923
102,0.5927175283432007,0.6070756912231445,0.7979999780654907,0.7730000019073486,0.9955000281333923
103,0.6032055616378784,0.6070756912231445,0.7710000276565552,0.7730000019073486,0.9955000281333923
104,0.6057021021842957,0.6070756912231445,0.7710000276565552,0.7730000019073486,0.9955000281333923
105,0.6015211939811707,0.6070756912231445,0.781000018119812,0.7730000019073486,0.9955000281333923
106,0.6156325936317444,0.6070756912231445,0.7540000081062317,0.7730000019073486,0.9955000281333923
107,0.5957419872283936,0.6070756912231445,0.7919999957084656,0.7730000019073486,0.9955000281333923
108,0.6127861738204956,0.6070756912231445,0.7490000128746033,0.7730000019073486,0.9955000281333923
109,0.6046290397644043,0.6070756912231445,0.7689999938011169,0.7730000019073486,0.9955000281333923
110,0.6037266850471497,0.6070756912231445,0.7689999938011169,0.7730000019073486,0.9955000281333923
111,0.6096240282058716,0.6070756912231445,0.7509999871253967,0.7730000019073486,0.9955000281333923
112,0.6140018105506897,0.6070756912231445,0.7419999837875366,0.7730000019073486,0.9955000281333923
113,0.6051636338233948,0.6070756912231445,0.7689999938011169,0.7730000019073486,0.9955000281333923
114,0.6041426062583923,0.6070756912231445,0.7580000162124634,0.7730000019073486,0.9955000281333923
115,0.5938933491706848,0.6070756912231445,0.7879999876022339,0.7730000019073486,0.9955000281333923
116,0.6039256453514099,0.6070756912231445,0.765999972820282,0.7730000019073486,0.9955000281333923
117,0.6021653413772583,0.6070756912231445,0.7689999938011169,0.7730000019073486,0.9955000281333923
118,0.5984939932823181,0.6070756912231445,0.7689999938011169,0.7730000019073486,0.9955000281333923
119,0.5895302891731262,0.6070756912231445,0.7760000228881836,0.7730000019073486,0.9955000281333923
120,0.5953611731529236,0.6070756912231445,0.777999997138977,0.7730000019073486,0.9955000281333923
121,0.6079230904579163,0.6070756912231445,0.7609999775886536,0.7730000019073486,0.9955000281333923
122,0.6015640497207642,0.6070756912231445,0.7689999938011169,0.7730000019073486,0.9955000281333923
123,0.5902695059776306,0.6070756912231445,0.7929999828338623,0.7730000019073486,0.9955000281333923
124,0.611117959022522,0.6070756912231445,0.7509999871253967,0.7730000019073486,0.9955000281333923
125,0.5862876176834106,0.6070756912231445,0.7960000038146973,0.7730000019073486,0.9955000281333923
126,0.5930525660514832,0.6070756912231445,0.7820000052452087,0.7730000019073486,0.9955000281333923
127,0.5938576459884644,0.6070756912231445,0.7799999713897705,0.7730000019073486,0.9955000281333923
128,0.5932660102844238,0.6070756912231445,0.7850000262260437,0.7730000019073486,0.9955000281333923
129,0.5989907383918762,0.6070756912231445,0.7559999823570251,0.7730000019073486,0.9955000281333923
130,0.5825076103210449,0.6070756912231445,0.7960000038146973,0.7730000019073486,0.9955000281333923
131,0.5984090566635132,0.6070756912231445,0.7670000195503235,0.7730000019073486,0.9955000281333923
132,0.5873250961303711,0.6070756912231445,0.777999997138977,0.7730000019073486,0.9955000281333923
133,0.6045324802398682,0.6070756912231445,0.7599999904632568,0.7730000019073486,0.9955000281333923
134,0.5906827449798584,0.6070756912231445,0.7670000195503235,0.7730000019073486,0.9955000281333923
135,0.5948808193206787,0.6070756912231445,0.7639999985694885,0.7730000019073486,0.9955000281333923
136,0.5861916542053223,0.6070756912231445,0.7860000133514404,0.7730000019073486,0.9955000281333923
137,0.5771612524986267,0.6070756912231445,0.8009999990463257,0.7730000019073486,0.9955000281333923
138,0.593521237373352,0.6070756912231445,0.7710000276565552,0.7730000019073486,0.9955000281333923
139,0.5903832912445068,0.6070756912231445,0.7639999985694885,0.7730000019073486,0.9955000281333923
140,0.5875401496887207,0.6070756912231445,0.777999997138977,0.7730000019073486,0.9955000281333923
141,0.5996856093406677,0.6070756912231445,0.7580000162124634,0.7730000019073486,0.9955000281333923
142,0.5937260985374451,0.6070756912231445,0.7689999938011169,0.7730000019073486,0.9955000281333923
143,0.5860899686813354,0.6070756912231445,0.7730000019073486,0.7730000019073486,0.9955000281333923
144,0.5802701711654663,0.6070756912231445,0.7839999794960022,0.7730000019073486,0.9955000281333923
145,0.5839484333992004,0.6070756912231445,0.7770000100135803,0.7730000019073486,0.9955000281333923
146,0.5927901864051819,0.6070756912231445,0.7649999856948853,0.7730000019073486,0.9955000281333923
147,0.5826712250709534,0.6070756912231445,0.7789999842643738,0.7730000019073486,0.9955000281333923
148,0.5950130820274353,0.6070756912231445,0.765999972820282,0.7730000019073486,0.9955000281333923
149,0.5876932144165039,0.6070756912231445,0.7839999794960022,0.7730000019073486,0.9955000281333923
150,0.5894098281860352,0.5817678570747375,0.7730000019073486,0.7749999761581421,0.994700014591217
151,0.5972908139228821,0.5817678570747375,0.7670000195503235,0.7749999761581421,0.994700014591217
152,0.5812103152275085,0.5817678570747375,0.7739999890327454,0.7749999761581421,0.994700014591217
153,0.5930063724517822,0.5817678570747375,0.765999972820282,0.7749999761581421,0.994700014591217
154,0.5879650712013245,0.5817678570747375,0.7649999856948853,0.7749999761581421,0.994700014591217
155,0.5874872803688049,0.5817678570747375,0.7639999985694885,0.7749999761581421,0.994700014591217
156,0.5867260098457336,0.5817678570747375,0.7799999713897705,0.7749999761581421,0.994700014591217
157,0.5776094794273376,0.5817678570747375,0.7789999842643738,0.7749999761581421,0.994700014591217
158,0.5769895911216736,0.5817678570747375,0.7839999794960022,0.7749999761581421,0.994700014591217
159,0.5940989851951599,0.5817678570747375,0.7639999985694885,0.7749999761581421,0.994700014591217
160,0.5868987441062927,0.5817678570747375,0.7590000033378601,0.7749999761581421,0.994700014591217
161,0.5761165022850037,0.5817678570747375,0.7710000276565552,0.7749999761581421,0.994700014591217
162,0.5760653614997864,0.5817678570747375,0.781000018119812,0.7749999761581421,0.994700014591217
163,0.5954647064208984,0.5817678570747375,0.7409999966621399,0.7749999761581421,0.994700014591217
164,0.5827854871749878,0.5817678570747375,0.7749999761581421,0.7749999761581421,0.994700014591217
165,0.5798558592796326,0.5817678570747375,0.7760000228881836,0.7749999761581421,0.994700014591217
166,0.5742087960243225,0.5817678570747375,0.7860000133514404,0.7749999761581421,0.994700014591217
167,0.5953438878059387,0.5817678570747375,0.7450000047683716,0.7749999761581421,0.994700014591217
168,0.5894661545753479,0.5817678570747375,0.765999972820282,0.7749999761581421,0.994700014591217
169,0.5857013463973999,0.5817678570747375,0.7639999985694885,0.7749999761581421,0.994700014591217
170,0.5791816115379333,0.5817678570747375,0.7760000228881836,0.7749999761581421,0.994700014591217
171,0.5803098678588867,0.5817678570747375,0.7609999775886536,0.7749999761581421,0.994700014591217
172,0.5764213800430298,0.5817678570747375,0.7870000004768372,0.7749999761581421,0.994700014591217
173,0.5749070644378662,0.5817678570747375,0.7839999794960022,0.7749999761581421,0.994700014591217
174,0.5836629271507263,0.5817678570747375,0.7699999809265137,0.7749999761581421,0.994700014591217
175,0.5849976539611816,0.5817678570747375,0.7699999809265137,0.7749999761581421,0.994700014591217
176,0.5872452855110168,0.5817678570747375,0.765999972820282,0.7749999761581421,0.994700014591217
177,0.5721542835235596,0.5817678570747375,0.7749999761581421,0.7749999761581421,0.994700014591217
178,0.5804753303527832,0.5817678570747375,0.7799999713897705,0.7749999761581421,0.994700014591217
179,0.5734170079231262,0.5817678570747375,0.7789999842643738,0.7749999761581421,0.994700014591217
180,0.5847114324569702,0.5817678570747375,0.7639999985694885,0.7749999761581421,0.994700014591217
181,0.5673078894615173,0.5817678570747375,0.777999997138977,0.7749999761581421,0.994700014591217
182,0.5742897987365723,0.5817678570747375,0.7850000262260437,0.7749999761581421,0.994700014591217
183,0.5683296322822571,0.5817678570747375,0.7850000262260437,0.7749999761581421,0.994700014591217
184,0.5806209444999695,0.5817678570747375,0.7760000228881836,0.7749999761581421,0.994700014591217
185,0.591937780380249,0.5817678570747375,0.7559999823570251,0.7749999761581421,0.994700014591217
186,0.5701831579208374,0.5817678570747375,0.781000018119812,0.7749999761581421,0.994700014591217
187,0.5815635919570923,0.5817678570747375,0.777999997138977,0.7749999761581421,0.994700014591217
188,0.5732641816139221,0.5817678570747375,0.7799999713897705,0.7749999761581421,0.994700014591217
189,0.5752058029174805,0.5817678570747375,0.7889999747276306,0.7749999761581421,0.994700014591217
190,0.5827550888061523,0.5817678570747375,0.7799999713897705,0.7749999761581421,0.994700014591217
191,0.5763353109359741,0.5817678570747375,0.7760000228881836,0.7749999761581421,0.994700014591217
192,0.5767435431480408,0.5817678570747375,0.7670000195503235,0.7749999761581421,0.994700014591217
193,0.5822159647941589,0.5817678570747375,0.7720000147819519,0.7749999761581421,0.994700014591217
194,0.5742875933647156,0.5817678570747375,0.7670000195503235,0.7749999761581421,0.994700014591217
195,0.5753586888313293,0.5817678570747375,0.7630000114440918,0.7749999761581421,0.994700014591217
196,0.5910350680351257,0.5817678570747375,0.753000020980835,0.7749999761581421,0.994700014591217
197,0.5667068362236023,0.5817678570747375,0.7929999828338623,0.7749999761581421,0.994700014591217
198,0.5819563269615173,0.5817678570747375,0.7639999985694885,0.7749999761581421,0.994700014591217
199,0.5685995817184448,0.5817678570747375,0.7760000228881836,0.7749999761581421,0.994700014591217
200,0.5847200155258179,0.5731640458106995,0.7609999775886536,0.7789999842643738,0.9952999949455261
201,0.5819833874702454,0.5731640458106995,0.7609999775886536,0.7789999842643738,0.9952999949455261
202,0.5687248706817627,0.5731640458106995,0.7860000133514404,0.7789999842643738,0.9952999949455261
203,0.5834698677062988,0.5731640458106995,0.7580000162124634,0.7789999842643738,0.9952999949455261
204,0.5836737155914307,0.5731640458106995,0.7699999809265137,0.7789999842643738,0.9952999949455261
205,0.5721916556358337,0.5731640458106995,0.7639999985694885,0.7789999842643738,0.9952999949455261
206,0.5757511258125305,0.5731640458106995,0.7639999985694885,0.7789999842643738,0.9952999949455261
207,0.5609557032585144,0.5731640458106995,0.7929999828338623,0.7789999842643738,0.9952999949455261
208,0.5711816549301147,0.5731640458106995,0.7689999938011169,0.7789999842643738,0.9952999949455261
209,0.5747530460357666,0.5731640458106995,0.7749999761581421,0.7789999842643738,0.9952999949455261
210,0.5775044560432434,0.5731640458106995,0.7509999871253967,0.7789999842643738,0.9952999949455261
211,0.5730754733085632,0.5731640458106995,0.7850000262260437,0.7789999842643738,0.9952999949455261
212,0.5626146793365479,0.5731640458106995,0.7900000214576721,0.7789999842643738,0.9952999949455261
213,0.5715356469154358,0.5731640458106995,0.7730000019073486,0.7789999842643738,0.9952999949455261
214,0.5585361123085022,0.5731640458106995,0.7929999828338623,0.7789999842643738,0.9952999949455261
215,0.5620154738426208,0.5731640458106995,0.7789999842643738,0.7789999842643738,0.9952999949455261
216,0.5636176466941833,0.5731640458106995,0.7889999747276306,0.7789999842643738,0.9952999949455261
217,0.5703119039535522,0.5731640458106995,0.7739999890327454,0.7789999842643738,0.9952999949455261
218,0.5692706108093262,0.5731640458106995,0.7749999761581421,0.7789999842643738,0.9952999949455261
219,0.5660848021507263,0.5731640458106995,0.7839999794960022,0.7789999842643738,0.9952999949455261
220,0.5638772249221802,0.5731640458106995,0.781000018119812,0.7789999842643738,0.9952999949455261
221,0.5795636177062988,0.5731640458106995,0.7760000228881836,0.7789999842643738,0.9952999949455261
222,0.5757525563240051,0.5731640458106995,0.7649999856948853,0.7789999842643738,0.9952999949455261
223,0.5650660395622253,0.5731640458106995,0.7919999957084656,0.7789999842643738,0.9952999949455261
224,0.5625028610229492,0.5731640458106995,0.7870000004768372,0.7789999842643738,0.9952999949455261
225,0.5669011473655701,0.5731640458106995,0.7820000052452087,0.7789999842643738,0.9952999949455261
226,0.5701249241828918,0.5731640458106995,0.7649999856948853,0.7789999842643738,0.9952999949455261
227,0.5627738833427429,0.5731640458106995,0.7829999923706055,0.7789999842643738,0.9952999949455261
228,0.5740131735801697,0.5731640458106995,0.7749999761581421,0.7789999842643738,0.9952999949455261
229,0.5700947046279907,0.5731640458106995,0.7739999890327454,0.7789999842643738,0.9952999949455261
230,0.5819598436355591,0.5731640458106995,0.746999979019165,0.7789999842643738,0.9952999949455261
231,0.5695021748542786,0.5731640458106995,0.7580000162124634,0.7789999842643738,0.9952999949455261
232,0.5785813331604004,0.5731640458106995,0.7630000114440918,0.7789999842643738,0.9952999949455261
233,0.5710322260856628,0.5731640458106995,0.7639999985694885,0.7789999842643738,0.9952999949455261
234,0.5703144669532776,0.5731640458106995,0.7789999842643738,0.7789999842643738,0.9952999949455261
235,0.5774211287498474,0.5731640458106995,0.7599999904632568,0.7789999842643738,0.9952999949455261
236,0.5728417038917542,0.5731640458106995,0.7770000100135803,0.7789999842643738,0.9952999949455261
237,0.5717143416404724,0.5731640458106995,0.7699999809265137,0.7789999842643738,0.9952999949455261
238,0.5649629831314087,0.5731640458106995,0.7789999842643738,0.7789999842643738,0.9952999949455261
239,0.5592128038406372,0.5731640458106995,0.7860000133514404,0.7789999842643738,0.9952999949455261
240,0.5645962953567505,0.5731640458106995,0.7839999794960022,0.7789999842643738,0.9952999949455261
241,0.5789151787757874,0.5731640458106995,0.753000020980835,0.7789999842643738,0.9952999949455261
242,0.5768357515335083,0.5731640458106995,0.7670000195503235,0.7789999842643738,0.9952999949455261
243,0.5572145581245422,0.5731640458106995,0.7850000262260437,0.7789999842643738,0.9952999949455261
244,0.5708824396133423,0.5731640458106995,0.7689999938011169,0.7789999842643738,0.9952999949455261
245,0.571692705154419,0.5731640458106995,0.7749999761581421,0.7789999842643738,0.9952999949455261
246,0.5789046883583069,0.5731640458106995,0.765999972820282,0.7789999842643738,0.9952999949455261
247,0.5706031322479248,0.5731640458106995,0.7820000052452087,0.7789999842643738,0.9952999949455261
248,0.5450633764266968,0.5731640458106995,0.7910000085830688,0.7789999842643738,0.9952999949455261
249,0.5558790564537048,0.5731640458106995,0.7919999957084656,0.7789999842643738,0.9952999949455261
250,0.5493997931480408,0.5690534710884094,0.7990000247955322,0.7670000195503235,0.996399998664856
251,0.5615511536598206,0.5690534710884094,0.7829999923706055,0.7670000195503235,0.996399998664856
252,0.5634594559669495,0.5690534710884094,0.7749999761581421,0.7670000195503235,0.996399998664856
253,0.565136730670929,0.5690534710884094,0.7710000276565552,0.7670000195503235,0.996399998664856
254,0.5508431196212769,0.5690534710884094,0.7889999747276306,0.7670000195503235,0.996399998664856
255,0.5837278366088867,0.5690534710884094,0.746999979019165,0.7670000195503235,0.996399998664856
256,0.5732071995735168,0.5690534710884094,0.7620000243186951,0.7670000195503235,0.996399998664856
257,0.5629681348800659,0.5690534710884094,0.7799999713897705,0.7670000195503235,0.996399998664856
258,0.5676268339157104,0.5690534710884094,0.7789999842643738,0.7670000195503235,0.996399998664856
259,0.5609734654426575,0.5690534710884094,0.7879999876022339,0.7670000195503235,0.996399998664856
260,0.5668448209762573,0.5690534710884094,0.7599999904632568,0.7670000195503235,0.996399998664856
261,0.5724881887435913,0.5690534710884094,0.7689999938011169,0.7670000195503235,0.996399998664856
262,0.5544765591621399,0.5690534710884094,0.7879999876022339,0.7670000195503235,0.996399998664856
263,0.5830379128456116,0.5690534710884094,0.7509999871253967,0.7670000195503235,0.996399998664856
264,0.5416411757469177,0.5690534710884094,0.8009999990463257,0.7670000195503235,0.996399998664856
265,0.5729378461837769,0.5690534710884094,0.7609999775886536,0.7670000195503235,0.996399998664856
266,0.5556365847587585,0.5690534710884094,0.7870000004768372,0.7670000195503235,0.996399998664856
267,0.5573536157608032,0.5690534710884094,0.7820000052452087,0.7670000195503235,0.996399998664856
268,0.5588905215263367,0.5690534710884094,0.7710000276565552,0.7670000195503235,0.996399998664856
269,0.5710684061050415,0.5690534710884094,0.7670000195503235,0.7670000195503235,0.996399998664856
270,0.5605756640434265,0.5690534710884094,0.7699999809265137,0.7670000195503235,0.996399998664856
271,0.5774566531181335,0.5690534710884094,0.75,0.7670000195503235,0.996399998664856
272,0.5396055579185486,0.5690534710884094,0.8019999861717224,0.7670000195503235,0.996399998664856
273,0.5577865242958069,0.5690534710884094,0.7789999842643738,0.7670000195503235,0.996399998664856
274,0.5434343218803406,0.5690534710884094,0.7960000038146973,0.7670000195503235,0.996399998664856
275,0.53084397315979,0.5690534710884094,0.8119999766349792,0.7670000195503235,0.996399998664856
276,0.5761613845825195,0.5690534710884094,0.7519999742507935,0.7670000195503235,0.996399998664856
277,0.566021740436554,0.5690534710884094,0.777999997138977,0.7670000195503235,0.996399998664856
278,0.5752837061882019,0.5690534710884094,0.7609999775886536,0.7670000195503235,0.996399998664856
279,0.5725821256637573,0.5690534710884094,0.7770000100135803,0.7670000195503235,0.996399998664856
280,0.5531763434410095,0.5690534710884094,0.7860000133514404,0.7670000195503235,0.996399998664856
281,0.5487039089202881,0.5690534710884094,0.7900000214576721,0.7670000195503235,0.996399998664856
282,0.5459489822387695,0.5690534710884094,0.796999990940094,0.7670000195503235,0.996399998664856
283,0.5708540081977844,0.5690534710884094,0.7559999823570251,0.7670000195503235,0.996399998664856
284,0.5484036803245544,0.5690534710884094,0.7860000133514404,0.7670000195503235,0.996399998664856
285,0.5744533538818359,0.5690534710884094,0.7609999775886536,0.7670000195503235,0.996399998664856
286,0.5495073795318604,0.5690534710884094,0.7820000052452087,0.7670000195503235,0.996399998664856
287,0.5599309206008911,0.5690534710884094,0.7699999809265137,0.7670000195503235,0.996399998664856
288,0.5741885900497437,0.5690534710884094,0.7559999823570251,0.7670000195503235,0.996399998664856
289,0.5388733148574829,0.5690534710884094,0.7950000166893005,0.7670000195503235,0.996399998664856
290,0.5486297607421875,0.5690534710884094,0.7850000262260437,0.7670000195503235,0.996399998664856
291,0.5535663366317749,0.5690534710884094,0.7870000004768372,0.7670000195503235,0.996399998664856
292,0.5631506443023682,0.5690534710884094,0.7710000276565552,0.7670000195503235,0.996399998664856
293,0.5558556318283081,0.5690534710884094,0.7699999809265137,0.7670000195503235,0.996399998664856
294,0.5644032955169678,0.5690534710884094,0.7699999809265137,0.7670000195503235,0.996399998664856
295,0.5584021806716919,0.5690534710884094,0.7699999809265137,0.7670000195503235,0.996399998664856
296,0.5670095086097717,0.5690534710884094,0.7609999775886536,0.7670000195503235,0.996399998664856
297,0.56299889087677,0.5690534710884094,0.7620000243186951,0.7670000195503235,0.996399998664856
298,0.5544639229774475,0.5690534710884094,0.7710000276565552,0.7670000195503235,0.996399998664856
299,0.5471115112304688,0.5690534710884094,0.7919999957084656,0.7670000195503235,0.996399998664856
300,0.5507495403289795,0.5722935795783997,0.781000018119812,0.7710000276565552,0.9965999722480774
301,0.5736762881278992,0.5722935795783997,0.753000020980835,0.7710000276565552,0.9965999722480774
302,0.546077311038971,0.5722935795783997,0.7940000295639038,0.7710000276565552,0.9965999722480774
303,0.5632391571998596,0.5722935795783997,0.7689999938011169,0.7710000276565552,0.9965999722480774
304,0.5606957077980042,0.5722935795783997,0.7680000066757202,0.7710000276565552,0.9965999722480774
305,0.5497288703918457,0.5722935795783997,0.7860000133514404,0.7710000276565552,0.9965999722480774
306,0.5353488326072693,0.5722935795783997,0.8100000023841858,0.7710000276565552,0.9965999722480774
307,0.5643242001533508,0.5722935795783997,0.7590000033378601,0.7710000276565552,0.9965999722480774
308,0.5527909994125366,0.5722935795783997,0.7860000133514404,0.7710000276565552,0.9965999722480774
309,0.5465520024299622,0.5722935795783997,0.7879999876022339,0.7710000276565552,0.9965999722480774
310,0.5238944292068481,0.5722935795783997,0.8080000281333923,0.7710000276565552,0.9965999722480774
311,0.5366114377975464,0.5722935795783997,0.7979999780654907,0.7710000276565552,0.9965999722480774
312,0.5583943128585815,0.5722935795783997,0.7689999938011169,0.7710000276565552,0.9965999722480774
313,0.5620725154876709,0.5722935795783997,0.7710000276565552,0.7710000276565552,0.9965999722480774
314,0.560720682144165,0.5722935795783997,0.7599999904632568,0.7710000276565552,0.9965999722480774
315,0.5745051503181458,0.5722935795783997,0.7639999985694885,0.7710000276565552,0.9965999722480774
316,0.5608127117156982,0.5722935795783997,0.7710000276565552,0.7710000276565552,0.9965999722480774
317,0.5448467135429382,0.5722935795783997,0.7979999780654907,0.7710000276565552,0.9965999722480774
318,0.5683098435401917,0.5722935795783997,0.7689999938011169,0.7710000276565552,0.9965999722480774
319,0.5613033771514893,0.5722935795783997,0.7739999890327454,0.7710000276565552,0.9965999722480774
320,0.5829543471336365,0.5722935795783997,0.7459999918937683,0.7710000276565552,0.9965999722480774
321,0.5567959547042847,0.5722935795783997,0.7710000276565552,0.7710000276565552,0.9965999722480774
322,0.5677207708358765,0.5722935795783997,0.7549999952316284,0.7710000276565552,0.9965999722480774
323,0.5661472082138062,0.5722935795783997,0.7599999904632568,0.7710000276565552,0.9965999722480774
324,0.5581945776939392,0.5722935795783997,0.7620000243186951,0.7710000276565552,0.9965999722480774
325,0.5638962388038635,0.5722935795783997,0.7730000019073486,0.7710000276565552,0.9965999722480774
326,0.5444056391716003,0.5722935795783997,0.7990000247955322,0.7710000276565552,0.9965999722480774
327,0.5328333973884583,0.5722935795783997,0.7940000295639038,0.7710000276565552,0.9965999722480774
328,0.5505567789077759,0.5722935795783997,0.7820000052452087,0.7710000276565552,0.9965999722480774
329,0.5580623745918274,0.5722935795783997,0.7789999842643738,0.7710000276565552,0.9965999722480774
330,0.5739780068397522,0.5722935795783997,0.7599999904632568,0.7710000276565552,0.9965999722480774
331,0.5474894046783447,0.5722935795783997,0.7850000262260437,0.7710000276565552,0.9965999722480774
332,0.5575445294380188,0.5722935795783997,0.7739999890327454,0.7710000276565552,0.9965999722480774
333,0.577662467956543,0.5722935795783997,0.746999979019165,0.7710000276565552,0.9965999722480774
334,0.552436351776123,0.5722935795783997,0.7889999747276306,0.7710000276565552,0.9965999722480774
335,0.5637058019638062,0.5722935795783997,0.7549999952316284,0.7710000276565552,0.9965999722480774
336,0.5371663570404053,0.5722935795783997,0.7850000262260437,0.7710000276565552,0.9965999722480774
337,0.5747125744819641,0.5722935795783997,0.7670000195503235,0.7710000276565552,0.9965999722480774
338,0.5520726442337036,0.5722935795783997,0.7789999842643738,0.7710000276565552,0.9965999722480774
339,0.5662909150123596,0.5722935795783997,0.7620000243186951,0.7710000276565552,0.9965999722480774
340,0.5588036179542542,0.5722935795783997,0.7879999876022339,0.7710000276565552,0.9965999722480774
341,0.5290341973304749,0.5722935795783997,0.8040000200271606,0.7710000276565552,0.9965999722480774
342,0.5538474917411804,0.5722935795783997,0.7879999876022339,0.7710000276565552,0.9965999722480774
343,0.5477547645568848,0.5722935795783997,0.7799999713897705,0.7710000276565552,0.9965999722480774
344,0.5374742150306702,0.5722935795783997,0.7990000247955322,0.7710000276565552,0.9965999722480774
345,0.5563915371894836,0.5722935795783997,0.7749999761581421,0.7710000276565552,0.9965999722480774
346,0.5678687691688538,0.5722935795783997,0.7689999938011169,0.7710000276565552,0.9965999722480774
347,0.5488649606704712,0.5722935795783997,0.7730000019073486,0.7710000276565552,0.9965999722480774
348,0.5511006116867065,0.5722935795783997,0.7770000100135803,0.7710000276565552,0.9965999722480774
349,0.5592091679573059,0.5722935795783997,0.7770000100135803,0.7710000276565552,0.9965999722480774
350,0.5439460873603821,0.5704312324523926,0.7860000133514404,0.7599999904632568,0.9966999888420105
351,0.5591138601303101,0.5704312324523926,0.7720000147819519,0.7599999904632568,0.9966999888420105
352,0.5553381443023682,0.5704312324523926,0.7710000276565552,0.7599999904632568,0.9966999888420105
353,0.5425716638565063,0.5704312324523926,0.7839999794960022,0.7599999904632568,0.9966999888420105
354,0.5540146231651306,0.5704312324523926,0.7720000147819519,0.7599999904632568,0.9966999888420105
355,0.5704513192176819,0.5704312324523926,0.7580000162124634,0.7599999904632568,0.9966999888420105
356,0.5193331837654114,0.5704312324523926,0.8019999861717224,0.7599999904632568,0.9966999888420105
357,0.5545305013656616,0.5704312324523926,0.7720000147819519,0.7599999904632568,0.9966999888420105
358,0.5567999482154846,0.5704312324523926,0.7770000100135803,0.7599999904632568,0.9966999888420105
359,0.5576359629631042,0.5704312324523926,0.7799999713897705,0.7599999904632568,0.9966999888420105
360,0.526992678642273,0.5704312324523926,0.7910000085830688,0.7599999904632568,0.9966999888420105
361,0.5430400371551514,0.5704312324523926,0.7730000019073486,0.7599999904632568,0.9966999888420105
362,0.5597896575927734,0.5704312324523926,0.7599999904632568,0.7599999904632568,0.9966999888420105
363,0.5624229907989502,0.5704312324523926,0.7770000100135803,0.7599999904632568,0.9966999888420105
364,0.5591665506362915,0.5704312324523926,0.7670000195503235,0.7599999904632568,0.9966999888420105
365,0.5356907248497009,0.5704312324523926,0.7929999828338623,0.7599999904632568,0.9966999888420105
366,0.5781416296958923,0.5704312324523926,0.7429999709129333,0.7599999904632568,0.9966999888420105
367,0.5683274269104004,0.5704312324523926,0.75,0.7599999904632568,0.9966999888420105
368,0.5593347549438477,0.5704312324523926,0.781000018119812,0.7599999904632568,0.9966999888420105
369,0.5698828101158142,0.5704312324523926,0.7490000128746033,0.7599999904632568,0.9966999888420105
370,0.5554730296134949,0.5704312324523926,0.7749999761581421,0.7599999904632568,0.9966999888420105
371,0.5325363874435425,0.5704312324523926,0.7950000166893005,0.7599999904632568,0.9966999888420105
372,0.5259578227996826,0.5704312324523926,0.800000011920929,0.7599999904632568,0.9966999888420105
373,0.5499045252799988,0.5704312324523926,0.7730000019073486,0.7599999904632568,0.9966999888420105
374,0.5376388430595398,0.5704312324523926,0.7870000004768372,0.7599999904632568,0.9966999888420105
375,0.5607237815856934,0.5704312324523926,0.7770000100135803,0.7599999904632568,0.9966999888420105
376,0.5620197057723999,0.5704312324523926,0.7789999842643738,0.7599999904632568,0.9966999888420105
377,0.5422413349151611,0.5704312324523926,0.7789999842643738,0.7599999904632568,0.9966999888420105
378,0.5276974439620972,0.5704312324523926,0.8040000200271606,0.7599999904632568,0.9966999888420105
379,0.5273396968841553,0.5704312324523926,0.7979999780654907,0.7599999904632568,0.9966999888420105
380,0.5381969213485718,0.5704312324523926,0.8080000281333923,0.7599999904632568,0.9966999888420105
381,0.5311135053634644,0.5704312324523926,0.7889999747276306,0.7599999904632568,0.9966999888420105
382,0.5707432627677917,0.5704312324523926,0.7559999823570251,0.7599999904632568,0.9966999888420105
383,0.5370767712593079,0.5704312324523926,0.800000011920929,0.7599999904632568,0.9966999888420105
384,0.556007444858551,0.5704312324523926,0.7749999761581421,0.7599999904632568,0.9966999888420105
385,0.5650004148483276,0.5704312324523926,0.7540000081062317,0.7599999904632568,0.9966999888420105
386,0.5614005327224731,0.5704312324523926,0.7580000162124634,0.7599999904632568,0.9966999888420105
387,0.55867600440979,0.5704312324523926,0.7680000066757202,0.7599999904632568,0.9966999888420105
388,0.5521391034126282,0.5704312324523926,0.7760000228881836,0.7599999904632568,0.9966999888420105
389,0.5766686201095581,0.5704312324523926,0.753000020980835,0.7599999904632568,0.9966999888420105
390,0.5702309608459473,0.5704312324523926,0.7590000033378601,0.7599999904632568,0.9966999888420105
391,0.5437370538711548,0.5704312324523926,0.7770000100135803,0.7599999904632568,0.9966999888420105
392,0.5471789836883545,0.5704312324523926,0.7770000100135803,0.7599999904632568,0.9966999888420105
393,0.5506005883216858,0.5704312324523926,0.7850000262260437,0.7599999904632568,0.9966999888420105
394,0.5706608891487122,0.5704312324523926,0.7609999775886536,0.7599999904632568,0.9966999888420105
395,0.5674633383750916,0.5704312324523926,0.7639999985694885,0.7599999904632568,0.9966999888420105
396,0.5605859756469727,0.5704312324523926,0.7609999775886536,0.7599999904632568,0.9966999888420105
397,0.5370276570320129,0.5704312324523926,0.7929999828338623,0.7599999904632568,0.9966999888420105
398,0.5544973611831665,0.5704312324523926,0.7760000228881836,0.7599999904632568,0.9966999888420105
399,0.5437870621681213,0.5704312324523926,0.7820000052452087,0.7599999904632568,0.9966999888420105
400,0.5526176691055298,0.5386070013046265,0.7799999713897705,0.7829999923706055,0.9962999820709229
401,0.5378093719482422,0.5386070013046265,0.7940000295639038,0.7829999923706055,0.9962999820709229
402,0.5535379648208618,0.5386070013046265,0.777999997138977,0.7829999923706055,0.9962999820709229
403,0.5512736439704895,0.5386070013046265,0.7720000147819519,0.7829999923706055,0.9962999820709229
404,0.5675124526023865,0.5386070013046265,0.765999972820282,0.7829999923706055,0.9962999820709229
405,0.5303781032562256,0.5386070013046265,0.7910000085830688,0.7829999923706055,0.9962999820709229
406,0.5453230142593384,0.5386070013046265,0.777999997138977,0.7829999923706055,0.9962999820709229
407,0.5414556860923767,0.5386070013046265,0.7919999957084656,0.7829999923706055,0.9962999820709229
408,0.5330243706703186,0.5386070013046265,0.7839999794960022,0.7829999923706055,0.9962999820709229
409,0.5456475019454956,0.5386070013046265,0.7839999794960022,0.7829999923706055,0.9962999820709229
410,0.550275444984436,0.5386070013046265,0.7820000052452087,0.7829999923706055,0.9962999820709229
411,0.5742746591567993,0.5386070013046265,0.7580000162124634,0.7829999923706055,0.9962999820709229
412,0.5640324950218201,0.5386070013046265,0.7699999809265137,0.7829999923706055,0.9962999820709229
413,0.5691099762916565,0.5386070013046265,0.7710000276565552,0.7829999923706055,0.9962999820709229
414,0.5455981492996216,0.5386070013046265,0.7770000100135803,0.7829999923706055,0.9962999820709229
415,0.5579649806022644,0.5386070013046265,0.7860000133514404,0.7829999923706055,0.9962999820709229
416,0.5368733406066895,0.5386070013046265,0.7879999876022339,0.7829999923706055,0.9962999820709229
417,0.5485012531280518,0.5386070013046265,0.7689999938011169,0.7829999923706055,0.9962999820709229
418,0.5258510112762451,0.5386070013046265,0.8040000200271606,0.7829999923706055,0.9962999820709229
419,0.5149511694908142,0.5386070013046265,0.8059999942779541,0.7829999923706055,0.9962999820709229
420,0.5192047357559204,0.5386070013046265,0.7979999780654907,0.7829999923706055,0.9962999820709229
421,0.5482484102249146,0.5386070013046265,0.7720000147819519,0.7829999923706055,0.9962999820709229
422,0.5621057748794556,0.5386070013046265,0.7720000147819519,0.7829999923706055,0.9962999820709229
423,0.561440646648407,0.5386070013046265,0.7590000033378601,0.7829999923706055,0.9962999820709229
424,0.5563729405403137,0.5386070013046265,0.7789999842643738,0.7829999923706055,0.9962999820709229
425,0.5515763759613037,0.5386070013046265,0.7789999842643738,0.7829999923706055,0.9962999820709229
426,0.5310693383216858,0.5386070013046265,0.7850000262260437,0.7829999923706055,0.9962999820709229
427,0.5584267377853394,0.5386070013046265,0.7559999823570251,0.7829999923706055,0.9962999820709229
428,0.569175660610199,0.5386070013046265,0.7590000033378601,0.7829999923706055,0.9962999820709229
429,0.5622316002845764,0.5386070013046265,0.7639999985694885,0.7829999923706055,0.9962999820709229
430,0.5538755059242249,0.5386070013046265,0.7549999952316284,0.7829999923706055,0.9962999820709229
431,0.5571198463439941,0.5386070013046265,0.7720000147819519,0.7829999923706055,0.9962999820709229
432,0.5251396298408508,0.5386070013046265,0.8009999990463257,0.7829999923706055,0.9962999820709229
433,0.5631195306777954,0.5386070013046265,0.7609999775886536,0.7829999923706055,0.9962999820709229
434,0.5623684525489807,0.5386070013046265,0.7670000195503235,0.7829999923706055,0.9962999820709229
435,0.5527376532554626,0.5386070013046265,0.7789999842643738,0.7829999923706055,0.9962999820709229
436,0.5395645499229431,0.5386070013046265,0.7789999842643738,0.7829999923706055,0.9962999820709229
437,0.5607513785362244,0.5386070013046265,0.7459999918937683,0.7829999923706055,0.9962999820709229
438,0.5595958232879639,0.5386070013046265,0.7699999809265137,0.7829999923706055,0.9962999820709229
439,0.5415822267532349,0.5386070013046265,0.7799999713897705,0.7829999923706055,0.9962999820709229
440,0.5720123648643494,0.5386070013046265,0.7580000162124634,0.7829999923706055,0.9962999820709229
441,0.5317047238349915,0.5386070013046265,0.796999990940094,0.7829999923706055,0.9962999820709229
442,0.5473912358283997,0.5386070013046265,0.7829999923706055,0.7829999923706055,0.9962999820709229
443,0.5548415184020996,0.5386070013046265,0.7820000052452087,0.7829999923706055,0.9962999820709229
444,0.5255832076072693,0.5386070013046265,0.7950000166893005,0.7829999923706055,0.9962999820709229
445,0.5551232695579529,0.5386070013046265,0.7710000276565552,0.7829999923706055,0.9962999820709229
446,0.5522133111953735,0.5386070013046265,0.7699999809265137,0.7829999923706055,0.9962999820709229
447,0.5424603223800659,0.5386070013046265,0.7749999761581421,0.7829999923706055,0.9962999820709229
448,0.5236437320709229,0.5386070013046265,0.796999990940094,0.7829999923706055,0.9962999820709229
449,0.5627551674842834,0.5386070013046265,0.7570000290870667,0.7829999923706055,0.9962999820709229
450,0.5813305377960205,0.5385679602622986,0.7580000162124634,0.7799999713897705,0.9958000183105469
451,0.560602605342865,0.5385679602622986,0.7590000033378601,0.7799999713897705,0.9958000183105469
452,0.5688850283622742,0.5385679602622986,0.7559999823570251,0.7799999713897705,0.9958000183105469
453,0.5517937541007996,0.5385679602622986,0.7739999890327454,0.7799999713897705,0.9958000183105469
454,0.5378817319869995,0.5385679602622986,0.7919999957084656,0.7799999713897705,0.9958000183105469
455,0.5498082637786865,0.5385679602622986,0.7820000052452087,0.7799999713897705,0.9958000183105469
456,0.5434797406196594,0.5385679602622986,0.7689999938011169,0.7799999713897705,0.9958000183105469
457,0.5576175451278687,0.5385679602622986,0.7720000147819519,0.7799999713897705,0.9958000183105469
458,0.5497464537620544,0.5385679602622986,0.7680000066757202,0.7799999713897705,0.9958000183105469
459,0.5579789876937866,0.5385679602622986,0.7739999890327454,0.7799999713897705,0.9958000183105469
460,0.5542205572128296,0.5385679602622986,0.7639999985694885,0.7799999713897705,0.9958000183105469
461,0.566254734992981,0.5385679602622986,0.765999972820282,0.7799999713897705,0.9958000183105469
462,0.5535016655921936,0.5385679602622986,0.7670000195503235,0.7799999713897705,0.9958000183105469
463,0.5365326404571533,0.5385679602622986,0.7789999842643738,0.7799999713897705,0.9958000183105469
464,0.5433471202850342,0.5385679602622986,0.7789999842643738,0.7799999713897705,0.9958000183105469
465,0.5223290920257568,0.5385679602622986,0.7979999780654907,0.7799999713897705,0.9958000183105469
466,0.5511050224304199,0.5385679602622986,0.7720000147819519,0.7799999713897705,0.9958000183105469
467,0.5507120490074158,0.5385679602622986,0.7730000019073486,0.7799999713897705,0.9958000183105469
468,0.549801766872406,0.5385679602622986,0.7749999761581421,0.7799999713897705,0.9958000183105469
469,0.5432170033454895,0.5385679602622986,0.7839999794960022,0.7799999713897705,0.9958000183105469
470,0.5441362261772156,0.5385679602622986,0.777999997138977,0.7799999713897705,0.9958000183105469
471,0.5528379678726196,0.5385679602622986,0.7649999856948853,0.7799999713897705,0.9958000183105469
472,0.5504472255706787,0.5385679602622986,0.7710000276565552,0.7799999713897705,0.9958000183105469
473,0.5525031089782715,0.5385679602622986,0.7699999809265137,0.7799999713897705,0.9958000183105469
474,0.5326694846153259,0.5385679602622986,0.7839999794960022,0.7799999713897705,0.9958000183105469
475,0.513174831867218,0.5385679602622986,0.7979999780654907,0.7799999713897705,0.9958000183105469
476,0.5483989119529724,0.5385679602622986,0.7739999890327454,0.7799999713897705,0.9958000183105469
477,0.5205284357070923,0.5385679602622986,0.8009999990463257,0.7799999713897705,0.9958000183105469
478,0.5192562341690063,0.5385679602622986,0.7929999828338623,0.7799999713897705,0.9958000183105469
479,0.5728979706764221,0.5385679602622986,0.7630000114440918,0.7799999713897705,0.9958000183105469
480,0.5380465984344482,0.5385679602622986,0.7850000262260437,0.7799999713897705,0.9958000183105469
481,0.5620490908622742,0.5385679602622986,0.7580000162124634,0.7799999713897705,0.9958000183105469
482,0.5575547218322754,0.5385679602622986,0.7620000243186951,0.7799999713897705,0.9958000183105469
483,0.5457251667976379,0.5385679602622986,0.7760000228881836,0.7799999713897705,0.9958000183105469
484,0.5351568460464478,0.5385679602622986,0.7960000038146973,0.7799999713897705,0.9958000183105469
485,0.544762134552002,0.5385679602622986,0.7760000228881836,0.7799999713897705,0.9958000183105469
486,0.5617319941520691,0.5385679602622986,0.781000018119812,0.7799999713897705,0.9958000183105469
487,0.5724427700042725,0.5385679602622986,0.75,0.7799999713897705,0.9958000183105469
488,0.569602906703949,0.5385679602622986,0.7549999952316284,0.7799999713897705,0.9958000183105469
489,0.5579316020011902,0.5385679602622986,0.7699999809265137,0.7799999713897705,0.9958000183105469
490,0.5668776035308838,0.5385679602622986,0.7590000033378601,0.7799999713897705,0.9958000183105469
491,0.5394932627677917,0.5385679602622986,0.7900000214576721,0.7799999713897705,0.9958000183105469
492,0.5560223460197449,0.5385679602622986,0.7710000276565552,0.7799999713897705,0.9958000183105469
493,0.5344204306602478,0.5385679602622986,0.7820000052452087,0.7799999713897705,0.9958000183105469
494,0.5357292890548706,0.5385679602622986,0.7770000100135803,0.7799999713897705,0.9958000183105469
495,0.5605325698852539,0.5385679602622986,0.7670000195503235,0.7799999713897705,0.9958000183105469
496,0.5432515740394592,0.5385679602622986,0.7820000052452087,0.7799999713897705,0.9958000183105469
497,0.5604836344718933,0.5385679602622986,0.7720000147819519,0.7799999713897705,0.9958000183105469
498,0.527627170085907,0.5385679602622986,0.8009999990463257,0.7799999713897705,0.9958000183105469
499,0.56022047996521,0.5385679602622986,0.7720000147819519,0.7799999713897705,0.9958000183105469
500,0.5490599274635315,0.5499185919761658,0.7829999923706055,0.7699999809265137,0.9970999956130981
501,0.5689669847488403,0.5499185919761658,0.7549999952316284,0.7699999809265137,0.9970999956130981
502,0.5566487312316895,0.5499185919761658,0.753000020980835,0.7699999809265137,0.9970999956130981
503,0.5562739968299866,0.5499185919761658,0.7620000243186951,0.7699999809265137,0.9970999956130981
504,0.5298537611961365,0.5499185919761658,0.796999990940094,0.7699999809265137,0.9970999956130981
505,0.5435385704040527,0.5499185919761658,0.7799999713897705,0.7699999809265137,0.9970999956130981
506,0.5502273440361023,0.5499185919761658,0.7609999775886536,0.7699999809265137,0.9970999956130981
507,0.5875539183616638,0.5499185919761658,0.7450000047683716,0.7699999809265137,0.9970999956130981
508,0.5365750193595886,0.5499185919761658,0.7850000262260437,0.7699999809265137,0.9970999956130981
509,0.5671922564506531,0.5499185919761658,0.7630000114440918,0.7699999809265137,0.9970999956130981
510,0.53583824634552,0.5499185919761658,0.7850000262260437,0.7699999809265137,0.9970999956130981
511,0.540469229221344,0.5499185919761658,0.7789999842643738,0.7699999809265137,0.9970999956130981
512,0.5393416881561279,0.5499185919761658,0.7910000085830688,0.7699999809265137,0.9970999956130981
513,0.5420624613761902,0.5499185919761658,0.7799999713897705,0.7699999809265137,0.9970999956130981
514,0.5593304634094238,0.5499185919761658,0.7630000114440918,0.7699999809265137,0.9970999956130981
515,0.5308790802955627,0.5499185919761658,0.781000018119812,0.7699999809265137,0.9970999956130981
516,0.5309479236602783,0.5499185919761658,0.7749999761581421,0.7699999809265137,0.9970999956130981
517,0.5404009819030762,0.5499185919761658,0.7870000004768372,0.7699999809265137,0.9970999956130981
518,0.5669311285018921,0.5499185919761658,0.7620000243186951,0.7699999809265137,0.9970999956130981
519,0.5278513431549072,0.5499185919761658,0.7919999957084656,0.7699999809265137,0.9970999956130981
520,0.5581350326538086,0.5499185919761658,0.7680000066757202,0.7699999809265137,0.9970999956130981
521,0.542367696762085,0.5499185919761658,0.7770000100135803,0.7699999809265137,0.9970999956130981
522,0.5524259209632874,0.5499185919761658,0.7649999856948853,0.7699999809265137,0.9970999956130981
523,0.53556227684021,0.5499185919761658,0.7919999957084656,0.7699999809265137,0.9970999956130981
524,0.5244230031967163,0.5499185919761658,0.8009999990463257,0.7699999809265137,0.9970999956130981
525,0.5573974251747131,0.5499185919761658,0.7670000195503235,0.7699999809265137,0.9970999956130981
526,0.551064670085907,0.5499185919761658,0.7689999938011169,0.7699999809265137,0.9970999956130981
527,0.565534770488739,0.5499185919761658,0.7509999871253967,0.7699999809265137,0.9970999956130981
528,0.533979594707489,0.5499185919761658,0.7870000004768372,0.7699999809265137,0.9970999956130981
529,0.5330052375793457,0.5499185919761658,0.781000018119812,0.7699999809265137,0.9970999956130981
530,0.5308773517608643,0.5499185919761658,0.7889999747276306,0.7699999809265137,0.9970999956130981
531,0.5309727191925049,0.5499185919761658,0.7799999713897705,0.7699999809265137,0.9970999956130981
532,0.5655389428138733,0.5499185919761658,0.7590000033378601,0.7699999809265137,0.9970999956130981
533,0.5371476411819458,0.5499185919761658,0.777999997138977,0.7699999809265137,0.9970999956130981
534,0.5307604074478149,0.5499185919761658,0.7979999780654907,0.7699999809265137,0.9970999956130981
535,0.5510765314102173,0.5499185919761658,0.7670000195503235,0.7699999809265137,0.9970999956130981
536,0.6046133041381836,0.5499185919761658,0.7390000224113464,0.7699999809265137,0.9970999956130981
537,0.5555965304374695,0.5499185919761658,0.7680000066757202,0.7699999809265137,0.9970999956130981
538,0.551484227180481,0.5499185919761658,0.7720000147819519,0.7699999809265137,0.9970999956130981
539,0.5145212411880493,0.5499185919761658,0.8040000200271606,0.7699999809265137,0.9970999956130981
540,0.539841890335083,0.5499185919761658,0.7910000085830688,0.7699999809265137,0.9970999956130981
541,0.5593343377113342,0.5499185919761658,0.7630000114440918,0.7699999809265137,0.9970999956130981
542,0.5645139813423157,0.5499185919761658,0.7559999823570251,0.7699999809265137,0.9970999956130981
543,0.5211178660392761,0.5499185919761658,0.800000011920929,0.7699999809265137,0.9970999956130981
544,0.5480084419250488,0.5499185919761658,0.7680000066757202,0.7699999809265137,0.9970999956130981
545,0.5431833267211914,0.5499185919761658,0.7860000133514404,0.7699999809265137,0.9970999956130981
546,0.5731625556945801,0.5499185919761658,0.75,0.7699999809265137,0.9970999956130981
547,0.5482819080352783,0.5499185919761658,0.7710000276565552,0.7699999809265137,0.9970999956130981
548,0.5451175570487976,0.5499185919761658,0.7839999794960022,0.7699999809265137,0.9970999956130981
549,0.5203173756599426,0.5499185919761658,0.8080000281333923,0.7699999809265137,0.9970999956130981
550,0.5680238604545593,0.525230884552002,0.7490000128746033,0.7850000262260437,0.9969000220298767
551,0.5611735582351685,0.525230884552002,0.7630000114440918,0.7850000262260437,0.9969000220298767
552,0.5492842197418213,0.525230884552002,0.7730000019073486,0.7850000262260437,0.9969000220298767
553,0.5574817061424255,0.525230884552002,0.7570000290870667,0.7850000262260437,0.9969000220298767
554,0.540631890296936,0.525230884552002,0.7749999761581421,0.7850000262260437,0.9969000220298767
555,0.5397810339927673,0.525230884552002,0.7820000052452087,0.7850000262260437,0.9969000220298767
556,0.5533145666122437,0.525230884552002,0.7689999938011169,0.7850000262260437,0.9969000220298767
557,0.5297499895095825,0.525230884552002,0.7820000052452087,0.7850000262260437,0.9969000220298767
558,0.5413886308670044,0.525230884552002,0.777999997138977,0.7850000262260437,0.9969000220298767
559,0.5393019318580627,0.525230884552002,0.7730000019073486,0.7850000262260437,0.9969000220298767
560,0.5434169769287109,0.525230884552002,0.765999972820282,0.7850000262260437,0.9969000220298767
561,0.5523231625556946,0.525230884552002,0.7720000147819519,0.7850000262260437,0.9969000220298767
562,0.5438505411148071,0.525230884552002,0.777999997138977,0.7850000262260437,0.9969000220298767
563,0.5487813949584961,0.525230884552002,0.7760000228881836,0.7850000262260437,0.9969000220298767
564,0.5636497735977173,0.525230884552002,0.7639999985694885,0.7850000262260437,0.9969000220298767
565,0.5546503067016602,0.525230884552002,0.7649999856948853,0.7850000262260437,0.9969000220298767
566,0.5585720539093018,0.525230884552002,0.7599999904632568,0.7850000262260437,0.9969000220298767
567,0.5449331402778625,0.525230884552002,0.7749999761581421,0.7850000262260437,0.9969000220298767
568,0.5740888714790344,0.525230884552002,0.7599999904632568,0.7850000262260437,0.9969000220298767
569,0.5698116421699524,0.525230884552002,0.7540000081062317,0.7850000262260437,0.9969000220298767
570,0.5579773783683777,0.525230884552002,0.7630000114440918,0.7850000262260437,0.9969000220298767
571,0.5344727039337158,0.525230884552002,0.7860000133514404,0.7850000262260437,0.9969000220298767
572,0.5604102611541748,0.525230884552002,0.7680000066757202,0.7850000262260437,0.9969000220298767
573,0.5487678050994873,0.525230884552002,0.7760000228881836,0.7850000262260437,0.9969000220298767
574,0.5475121736526489,0.525230884552002,0.7749999761581421,0.7850000262260437,0.9969000220298767
575,0.528687059879303,0.525230884552002,0.7829999923706055,0.7850000262260437,0.9969000220298767
576,0.543893575668335,0.525230884552002,0.7760000228881836,0.7850000262260437,0.9969000220298767
577,0.5413228869438171,0.525230884552002,0.7799999713897705,0.7850000262260437,0.9969000220298767
578,0.5673906803131104,0.525230884552002,0.7559999823570251,0.7850000262260437,0.9969000220298767
579,0.5584501028060913,0.525230884552002,0.7609999775886536,0.7850000262260437,0.9969000220298767
580,0.5435841083526611,0.525230884552002,0.777999997138977,0.7850000262260437,0.9969000220298767
581,0.5266544818878174,0.525230884552002,0.8029999732971191,0.7850000262260437,0.9969000220298767
582,0.5403997898101807,0.525230884552002,0.7739999890327454,0.7850000262260437,0.9969000220298767
583,0.5632452368736267,0.525230884552002,0.7630000114440918,0.7850000262260437,0.9969000220298767
584,0.5508430600166321,0.525230884552002,0.7739999890327454,0.7850000262260437,0.9969000220298767
585,0.5600773692131042,0.525230884552002,0.7680000066757202,0.7850000262260437,0.9969000220298767
586,0.5491718649864197,0.525230884552002,0.7789999842643738,0.7850000262260437,0.9969000220298767
587,0.5493808388710022,0.525230884552002,0.7829999923706055,0.7850000262260437,0.9969000220298767
588,0.5526662468910217,0.525230884552002,0.7799999713897705,0.7850000262260437,0.9969000220298767
589,0.5445055961608887,0.525230884552002,0.7749999761581421,0.7850000262260437,0.9969000220298767
590,0.5518885254859924,0.525230884552002,0.7639999985694885,0.7850000262260437,0.9969000220298767
591,0.5379270315170288,0.525230884552002,0.7820000052452087,0.7850000262260437,0.9969000220298767
592,0.5382487773895264,0.525230884552002,0.7789999842643738,0.7850000262260437,0.9969000220298767
593,0.5718491077423096,0.525230884552002,0.7590000033378601,0.7850000262260437,0.9969000220298767
594,0.5357752442359924,0.525230884552002,0.7850000262260437,0.7850000262260437,0.9969000220298767
595,0.5493307113647461,0.525230884552002,0.7649999856948853,0.7850000262260437,0.9969000220298767
596,0.5232344269752502,0.525230884552002,0.7910000085830688,0.7850000262260437,0.9969000220298767
597,0.552128791809082,0.525230884552002,0.7630000114440918,0.7850000262260437,0.9969000220298767
598,0.533598005771637,0.525230884552002,0.7900000214576721,0.7850000262260437,0.9969000220298767
599,0.558730959892273,0.525230884552002,0.7599999904632568,0.7850000262260437,0.9969000220298767
600,0.5521257519721985,0.5527934432029724,0.7680000066757202,0.7820000052452087,0.996399998664856
601,0.5571108460426331,0.5527934432029724,0.7739999890327454,0.7820000052452087,0.996399998664856
602,0.5472298860549927,0.5527934432029724,0.7699999809265137,0.7820000052452087,0.996399998664856
603,0.5746071934700012,0.5527934432029724,0.7570000290870667,0.7820000052452087,0.996399998664856
604,0.5194534063339233,0.5527934432029724,0.7860000133514404,0.7820000052452087,0.996399998664856
605,0.5677263736724854,0.5527934432029724,0.7770000100135803,0.7820000052452087,0.996399998664856
606,0.5390334725379944,0.5527934432029724,0.7820000052452087,0.7820000052452087,0.996399998664856
607,0.5446475744247437,0.5527934432029724,0.7519999742507935,0.7820000052452087,0.996399998664856
608,0.5239579081535339,0.5527934432029724,0.8059999942779541,0.7820000052452087,0.996399998664856
609,0.5341259837150574,0.5527934432029724,0.8009999990463257,0.7820000052452087,0.996399998664856
610,0.5352427363395691,0.5527934432029724,0.7929999828338623,0.7820000052452087,0.996399998664856
611,0.5484885573387146,0.5527934432029724,0.7639999985694885,0.7820000052452087,0.996399998664856
612,0.5443354249000549,0.5527934432029724,0.7789999842643738,0.7820000052452087,0.996399998664856
613,0.5325307250022888,0.5527934432029724,0.7860000133514404,0.7820000052452087,0.996399998664856
614,0.570543646812439,0.5527934432029724,0.7649999856948853,0.7820000052452087,0.996399998664856
615,0.5513691306114197,0.5527934432029724,0.753000020980835,0.7820000052452087,0.996399998664856
616,0.5500507354736328,0.5527934432029724,0.7760000228881836,0.7820000052452087,0.996399998664856
617,0.5433598756790161,0.5527934432029724,0.7699999809265137,0.7820000052452087,0.996399998664856
618,0.5300003886222839,0.5527934432029724,0.7789999842643738,0.7820000052452087,0.996399998664856
619,0.5602490305900574,0.5527934432029724,0.7609999775886536,0.7820000052452087,0.996399998664856
620,0.542518675327301,0.5527934432029724,0.7839999794960022,0.7820000052452087,0.996399998664856
621,0.5466471910476685,0.5527934432029724,0.7760000228881836,0.7820000052452087,0.996399998664856
622,0.5251614451408386,0.5527934432029724,0.7870000004768372,0.7820000052452087,0.996399998664856
623,0.5657790303230286,0.5527934432029724,0.7620000243186951,0.7820000052452087,0.996399998664856
624,0.543713390827179,0.5527934432029724,0.7839999794960022,0.7820000052452087,0.996399998664856
625,0.547309935092926,0.5527934432029724,0.7799999713897705,0.7820000052452087,0.996399998664856
626,0.5460742712020874,0.5527934432029724,0.7749999761581421,0.7820000052452087,0.996399998664856
627,0.5371865630149841,0.5527934432029724,0.7739999890327454,0.7820000052452087,0.996399998664856
628,0.5318726301193237,0.5527934432029724,0.7839999794960022,0.7820000052452087,0.996399998664856
629,0.5448117852210999,0.5527934432029724,0.7670000195503235,0.7820000052452087,0.996399998664856
630,0.5413380265235901,0.5527934432029724,0.7720000147819519,0.7820000052452087,0.996399998664856
631,0.5307812690734863,0.5527934432029724,0.7879999876022339,0.7820000052452087,0.996399998664856
632,0.555660605430603,0.5527934432029724,0.7649999856948853,0.7820000052452087,0.996399998664856
633,0.5637827515602112,0.5527934432029724,0.7599999904632568,0.7820000052452087,0.996399998664856
634,0.5870154500007629,0.5527934432029724,0.7400000095367432,0.7820000052452087,0.996399998664856
635,0.548357367515564,0.5527934432029724,0.7760000228881836,0.7820000052452087,0.996399998664856
636,0.5400443077087402,0.5527934432029724,0.7889999747276306,0.7820000052452087,0.996399998664856
637,0.5347926020622253,0.5527934432029724,0.7739999890327454,0.7820000052452087,0.996399998664856
638,0.5472599864006042,0.5527934432029724,0.7820000052452087,0.7820000052452087,0.996399998664856
639,0.56764817237854,0.5527934432029724,0.7559999823570251,0.7820000052452087,0.996399998664856
640,0.5514121651649475,0.5527934432029724,0.7630000114440918,0.7820000052452087,0.996399998664856
641,0.5517110228538513,0.5527934432029724,0.7689999938011169,0.7820000052452087,0.996399998664856
642,0.5578424334526062,0.5527934432029724,0.7689999938011169,0.7820000052452087,0.996399998664856
643,0.5289847254753113,0.5527934432029724,0.796999990940094,0.7820000052452087,0.996399998664856
644,0.5385040640830994,0.5527934432029724,0.7839999794960022,0.7820000052452087,0.996399998664856
645,0.5629556179046631,0.5527934432029724,0.7739999890327454,0.7820000052452087,0.996399998664856
646,0.5670033097267151,0.5527934432029724,0.7590000033378601,0.7820000052452087,0.996399998664856
647,0.5689190626144409,0.5527934432029724,0.7570000290870667,0.7820000052452087,0.996399998664856
648,0.5475204586982727,0.5527934432029724,0.7820000052452087,0.7820000052452087,0.996399998664856
649,0.5093337297439575,0.5527934432029724,0.8069999814033508,0.7820000052452087,0.996399998664856
650,0.5414647459983826,0.5829159021377563,0.7739999890327454,0.7419999837875366,0.9959999918937683
651,0.5757026076316833,0.5829159021377563,0.746999979019165,0.7419999837875366,0.9959999918937683
652,0.5098631978034973,0.5829159021377563,0.8040000200271606,0.7419999837875366,0.9959999918937683
653,0.5454639792442322,0.5829159021377563,0.7770000100135803,0.7419999837875366,0.9959999918937683
654,0.554887056350708,0.5829159021377563,0.7559999823570251,0.7419999837875366,0.9959999918937683
655,0.5495175123214722,0.5829159021377563,0.7699999809265137,0.7419999837875366,0.9959999918937683
656,0.577589750289917,0.5829159021377563,0.7620000243186951,0.7419999837875366,0.9959999918937683
657,0.5468999743461609,0.5829159021377563,0.7710000276565552,0.7419999837875366,0.9959999918937683
658,0.544175386428833,0.5829159021377563,0.7649999856948853,0.7419999837875366,0.9959999918937683
659,0.5369067192077637,0.5829159021377563,0.7760000228881836,0.7419999837875366,0.9959999918937683
660,0.5574066042900085,0.5829159021377563,0.7620000243186951,0.7419999837875366,0.9959999918937683
661,0.5322592258453369,0.5829159021377563,0.7789999842643738,0.7419999837875366,0.9959999918937683
662,0.5418941378593445,0.5829159021377563,0.7889999747276306,0.7419999837875366,0.9959999918937683
663,0.552403450012207,0.5829159021377563,0.7820000052452087,0.7419999837875366,0.9959999918937683
664,0.5563061237335205,0.5829159021377563,0.7459999918937683,0.7419999837875366,0.9959999918937683
665,0.5412399768829346,0.5829159021377563,0.7889999747276306,0.7419999837875366,0.9959999918937683
666,0.5233139395713806,0.5829159021377563,0.7850000262260437,0.7419999837875366,0.9959999918937683
667,0.536455512046814,0.5829159021377563,0.7929999828338623,0.7419999837875366,0.9959999918937683
668,0.532975435256958,0.5829159021377563,0.7799999713897705,0.7419999837875366,0.9959999918937683
669,0.5598230957984924,0.5829159021377563,0.7689999938011169,0.7419999837875366,0.9959999918937683
670,0.539940357208252,0.5829159021377563,0.781000018119812,0.7419999837875366,0.9959999918937683
671,0.543916642665863,0.5829159021377563,0.7829999923706055,0.7419999837875366,0.9959999918937683
672,0.5248543620109558,0.5829159021377563,0.7889999747276306,0.7419999837875366,0.9959999918937683
673,0.5604351758956909,0.5829159021377563,0.7639999985694885,0.7419999837875366,0.9959999918937683
674,0.5677793025970459,0.5829159021377563,0.7580000162124634,0.7419999837875366,0.9959999918937683
675,0.5172092914581299,0.5829159021377563,0.7950000166893005,0.7419999837875366,0.9959999918937683
676,0.5205258727073669,0.5829159021377563,0.8009999990463257,0.7419999837875366,0.9959999918937683
677,0.5519794821739197,0.5829159021377563,0.7720000147819519,0.7419999837875366,0.9959999918937683
678,0.5387567281723022,0.5829159021377563,0.7749999761581421,0.7419999837875366,0.9959999918937683
679,0.5493559837341309,0.5829159021377563,0.7670000195503235,0.7419999837875366,0.9959999918937683
680,0.5558893084526062,0.5829159021377563,0.7670000195503235,0.7419999837875366,0.9959999918937683
681,0.5430974364280701,0.5829159021377563,0.7860000133514404,0.7419999837875366,0.9959999918937683
682,0.5839777588844299,0.5829159021377563,0.7450000047683716,0.7419999837875366,0.9959999918937683
683,0.5553043484687805,0.5829159021377563,0.7710000276565552,0.7419999837875366,0.9959999918937683
684,0.5190302133560181,0.5829159021377563,0.7889999747276306,0.7419999837875366,0.9959999918937683
685,0.5677998065948486,0.5829159021377563,0.7570000290870667,0.7419999837875366,0.9959999918937683
686,0.5622779726982117,0.5829159021377563,0.7559999823570251,0.7419999837875366,0.9959999918937683
687,0.5363649725914001,0.5829159021377563,0.777999997138977,0.7419999837875366,0.9959999918937683
688,0.5526193380355835,0.5829159021377563,0.7670000195503235,0.7419999837875366,0.9959999918937683
689,0.5290092825889587,0.5829159021377563,0.7850000262260437,0.7419999837875366,0.9959999918937683
690,0.537276566028595,0.5829159021377563,0.7739999890327454,0.7419999837875366,0.9959999918937683
691,0.5619549751281738,0.5829159021377563,0.7549999952316284,0.7419999837875366,0.9959999918937683
692,0.5479558110237122,0.5829159021377563,0.781000018119812,0.7419999837875366,0.9959999918937683
693,0.5543780326843262,0.5829159021377563,0.777999997138977,0.7419999837875366,0.9959999918937683
694,0.5548130869865417,0.5829159021377563,0.7749999761581421,0.7419999837875366,0.9959999918937683
695,0.5254814624786377,0.5829159021377563,0.781000018119812,0.7419999837875366,0.9959999918937683
696,0.552176296710968,0.5829159021377563,0.765999972820282,0.7419999837875366,0.9959999918937683
697,0.5511078238487244,0.5829159021377563,0.7620000243186951,0.7419999837875366,0.9959999918937683
698,0.5595691204071045,0.5829159021377563,0.7649999856948853,0.7419999837875366,0.9959999918937683
699,0.5548340082168579,0.5829159021377563,0.7749999761581421,0.7419999837875366,0.9959999918937683
700,0.5664183497428894,0.5544937252998352,0.765999972820282,0.7730000019073486,0.9970999956130981
701,0.5608448386192322,0.5544937252998352,0.7639999985694885,0.7730000019073486,0.9970999956130981
702,0.5482105016708374,0.5544937252998352,0.7739999890327454,0.7730000019073486,0.9970999956130981
703,0.5692833662033081,0.5544937252998352,0.7519999742507935,0.7730000019073486,0.9970999956130981
704,0.5416842699050903,0.5544937252998352,0.7820000052452087,0.7730000019073486,0.9970999956130981
705,0.5373473763465881,0.5544937252998352,0.7770000100135803,0.7730000019073486,0.9970999956130981
706,0.5502887964248657,0.5544937252998352,0.7789999842643738,0.7730000019073486,0.9970999956130981
707,0.538954496383667,0.5544937252998352,0.7720000147819519,0.7730000019073486,0.9970999956130981
708,0.55061936378479,0.5544937252998352,0.7749999761581421,0.7730000019073486,0.9970999956130981
709,0.5183400511741638,0.5544937252998352,0.7799999713897705,0.7730000019073486,0.9970999956130981
710,0.5521196126937866,0.5544937252998352,0.7680000066757202,0.7730000019073486,0.9970999956130981
711,0.5495136976242065,0.5544937252998352,0.765999972820282,0.7730000019073486,0.9970999956130981
712,0.563275933265686,0.5544937252998352,0.7630000114440918,0.7730000019073486,0.9970999956130981
713,0.5449168682098389,0.5544937252998352,0.7720000147819519,0.7730000019073486,0.9970999956130981
714,0.552081823348999,0.5544937252998352,0.7850000262260437,0.7730000019073486,0.9970999956130981
715,0.5499182939529419,0.5544937252998352,0.7580000162124634,0.7730000019073486,0.9970999956130981
716,0.5622748136520386,0.5544937252998352,0.7609999775886536,0.7730000019073486,0.9970999956130981
717,0.541500985622406,0.5544937252998352,0.7860000133514404,0.7730000019073486,0.9970999956130981
718,0.5547500252723694,0.5544937252998352,0.7649999856948853,0.7730000019073486,0.9970999956130981
719,0.566021740436554,0.5544937252998352,0.7559999823570251,0.7730000019073486,0.9970999956130981
720,0.5684065818786621,0.5544937252998352,0.7599999904632568,0.7730000019073486,0.9970999956130981
721,0.5249150395393372,0.5544937252998352,0.7860000133514404,0.7730000019073486,0.9970999956130981
722,0.5770376324653625,0.5544937252998352,0.7450000047683716,0.7730000019073486,0.9970999956130981
723,0.5635538101196289,0.5544937252998352,0.7519999742507935,0.7730000019073486,0.9970999956130981
724,0.5383919477462769,0.5544937252998352,0.781000018119812,0.7730000019073486,0.9970999956130981
725,0.5379449129104614,0.5544937252998352,0.7829999923706055,0.7730000019073486,0.9970999956130981
726,0.5524088144302368,0.5544937252998352,0.7680000066757202,0.7730000019073486,0.9970999956130981
727,0.5463153123855591,0.5544937252998352,0.7739999890327454,0.7730000019073486,0.9970999956130981
728,0.5454431176185608,0.5544937252998352,0.7749999761581421,0.7730000019073486,0.9970999956130981
729,0.5286039710044861,0.5544937252998352,0.7979999780654907,0.7730000019073486,0.9970999956130981
730,0.5443844795227051,0.5544937252998352,0.7689999938011169,0.7730000019073486,0.9970999956130981
731,0.5463878512382507,0.5544937252998352,0.7739999890327454,0.7730000019073486,0.9970999956130981
732,0.5595317482948303,0.5544937252998352,0.7680000066757202,0.7730000019073486,0.9970999956130981
733,0.5463916659355164,0.5544937252998352,0.7699999809265137,0.7730000019073486,0.9970999956130981
734,0.5501224994659424,0.5544937252998352,0.7620000243186951,0.7730000019073486,0.9970999956130981
735,0.5616949200630188,0.5544937252998352,0.7649999856948853,0.7730000019073486,0.9970999956130981
736,0.5271496772766113,0.5544937252998352,0.7870000004768372,0.7730000019073486,0.9970999956130981
737,0.5464616417884827,0.5544937252998352,0.7789999842643738,0.7730000019073486,0.9970999956130981
738,0.5358568429946899,0.5544937252998352,0.7829999923706055,0.7730000019073486,0.9970999956130981
739,0.5392488837242126,0.5544937252998352,0.7760000228881836,0.7730000019073486,0.9970999956130981
740,0.5273619294166565,0.5544937252998352,0.7829999923706055,0.7730000019073486,0.9970999956130981
741,0.576571524143219,0.5544937252998352,0.7599999904632568,0.7730000019073486,0.9970999956130981
742,0.5325283408164978,0.5544937252998352,0.7960000038146973,0.7730000019073486,0.9970999956130981
743,0.5686993598937988,0.5544937252998352,0.7509999871253967,0.7730000019073486,0.9970999956130981
744,0.5503203868865967,0.5544937252998352,0.7760000228881836,0.7730000019073486,0.9970999956130981
745,0.5584101676940918,0.5544937252998352,0.7559999823570251,0.7730000019073486,0.9970999956130981
746,0.5320366621017456,0.5544937252998352,0.777999997138977,0.7730000019073486,0.9970999956130981
747,0.5172592997550964,0.5544937252998352,0.7929999828338623,0.7730000019073486,0.9970999956130981
748,0.5466011166572571,0.5544937252998352,0.7749999761581421,0.7730000019073486,0.9970999956130981
749,0.54960697889328,0.5544937252998352,0.7649999856948853,0.7730000019073486,0.9970999956130981
750,0.5459995269775391,0.5565885901451111,0.777999997138977,0.7609999775886536,0.9958000183105469
751,0.5319275856018066,0.5565885901451111,0.7960000038146973,0.7609999775886536,0.9958000183105469
752,0.5574290752410889,0.5565885901451111,0.7789999842643738,0.7609999775886536,0.9958000183105469
753,0.5621100664138794,0.5565885901451111,0.7699999809265137,0.7609999775886536,0.9958000183105469
754,0.5498753786087036,0.5565885901451111,0.781000018119812,0.7609999775886536,0.9958000183105469
755,0.5860775113105774,0.5565885901451111,0.7419999837875366,0.7609999775886536,0.9958000183105469
756,0.5468875169754028,0.5565885901451111,0.7870000004768372,0.7609999775886536,0.9958000183105469
757,0.526867151260376,0.5565885901451111,0.7839999794960022,0.7609999775886536,0.9958000183105469
758,0.5540968179702759,0.5565885901451111,0.765999972820282,0.7609999775886536,0.9958000183105469
759,0.5395719408988953,0.5565885901451111,0.7770000100135803,0.7609999775886536,0.9958000183105469
760,0.5403559803962708,0.5565885901451111,0.7710000276565552,0.7609999775886536,0.9958000183105469
761,0.5536958575248718,0.5565885901451111,0.7820000052452087,0.7609999775886536,0.9958000183105469
762,0.5489315390586853,0.5565885901451111,0.7739999890327454,0.7609999775886536,0.9958000183105469
763,0.526481032371521,0.5565885901451111,0.7829999923706055,0.7609999775886536,0.9958000183105469
764,0.5401952862739563,0.5565885901451111,0.7739999890327454,0.7609999775886536,0.9958000183105469
765,0.5463318228721619,0.5565885901451111,0.7760000228881836,0.7609999775886536,0.9958000183105469
766,0.5403446555137634,0.5565885901451111,0.7789999842643738,0.7609999775886536,0.9958000183105469
767,0.5333624482154846,0.5565885901451111,0.7850000262260437,0.7609999775886536,0.9958000183105469
768,0.5310803651809692,0.5565885901451111,0.7900000214576721,0.7609999775886536,0.9958000183105469
769,0.5657055377960205,0.5565885901451111,0.7639999985694885,0.7609999775886536,0.9958000183105469
770,0.5577635765075684,0.5565885901451111,0.7699999809265137,0.7609999775886536,0.9958000183105469
771,0.5481716394424438,0.5565885901451111,0.765999972820282,0.7609999775886536,0.9958000183105469
772,0.546645998954773,0.5565885901451111,0.7839999794960022,0.7609999775886536,0.9958000183105469
773,0.5616508722305298,0.5565885901451111,0.7580000162124634,0.7609999775886536,0.9958000183105469
774,0.561276912689209,0.5565885901451111,0.7749999761581421,0.7609999775886536,0.9958000183105469
775,0.5177566409111023,0.5565885901451111,0.796999990940094,0.7609999775886536,0.9958000183105469
776,0.5268967151641846,0.5565885901451111,0.7829999923706055,0.7609999775886536,0.9958000183105469
777,0.5604313015937805,0.5565885901451111,0.7620000243186951,0.7609999775886536,0.9958000183105469
778,0.5376136898994446,0.5565885901451111,0.7760000228881836,0.7609999775886536,0.9958000183105469
779,0.5207198858261108,0.5565885901451111,0.7910000085830688,0.7609999775886536,0.9958000183105469
780,0.5429123044013977,0.5565885901451111,0.7789999842643738,0.7609999775886536,0.9958000183105469
781,0.5456908941268921,0.5565885901451111,0.7870000004768372,0.7609999775886536,0.9958000183105469
782,0.5770564079284668,0.5565885901451111,0.75,0.7609999775886536,0.9958000183105469
783,0.5435312390327454,0.5565885901451111,0.7870000004768372,0.7609999775886536,0.9958000183105469
784,0.5216276049613953,0.5565885901451111,0.8009999990463257,0.7609999775886536,0.9958000183105469
785,0.5796135067939758,0.5565885901451111,0.7570000290870667,0.7609999775886536,0.9958000183105469
786,0.5440574884414673,0.5565885901451111,0.7699999809265137,0.7609999775886536,0.9958000183105469
787,0.5510823726654053,0.5565885901451111,0.7620000243186951,0.7609999775886536,0.9958000183105469
788,0.5505495667457581,0.5565885901451111,0.781000018119812,0.7609999775886536,0.9958000183105469
789,0.5395422577857971,0.5565885901451111,0.7839999794960022,0.7609999775886536,0.9958000183105469
790,0.5295327305793762,0.5565885901451111,0.796999990940094,0.7609999775886536,0.9958000183105469
791,0.528186559677124,0.5565885901451111,0.7910000085830688,0.7609999775886536,0.9958000183105469
792,0.5307956337928772,0.5565885901451111,0.7820000052452087,0.7609999775886536,0.9958000183105469
793,0.5603100061416626,0.5565885901451111,0.7630000114440918,0.7609999775886536,0.9958000183105469
794,0.5285255908966064,0.5565885901451111,0.7850000262260437,0.7609999775886536,0.9958000183105469
795,0.5822976231575012,0.5565885901451111,0.7329999804496765,0.7609999775886536,0.9958000183105469
796,0.5391270518302917,0.5565885901451111,0.7689999938011169,0.7609999775886536,0.9958000183105469
797,0.5196377038955688,0.5565885901451111,0.8019999861717224,0.7609999775886536,0.9958000183105469
798,0.5278493165969849,0.5565885901451111,0.7860000133514404,0.7609999775886536,0.9958000183105469
799,0.5562826991081238,0.5565885901451111,0.777999997138977,0.7609999775886536,0.9958000183105469
800,0.561572790145874,0.5469034314155579,0.7620000243186951,0.7680000066757202,0.9947999715805054
801,0.5196794271469116,0.5469034314155579,0.7950000166893005,0.7680000066757202,0.9947999715805054
802,0.5329282283782959,0.5469034314155579,0.7870000004768372,0.7680000066757202,0.9947999715805054
803,0.5577375292778015,0.5469034314155579,0.7639999985694885,0.7680000066757202,0.9947999715805054
804,0.5211549997329712,0.5469034314155579,0.7929999828338623,0.7680000066757202,0.9947999715805054
805,0.5317870378494263,0.5469034314155579,0.7789999842643738,0.7680000066757202,0.9947999715805054
806,0.5352029800415039,0.5469034314155579,0.7900000214576721,0.7680000066757202,0.9947999715805054
807,0.530588686466217,0.5469034314155579,0.7829999923706055,0.7680000066757202,0.9947999715805054
808,0.5477578639984131,0.5469034314155579,0.7730000019073486,0.7680000066757202,0.9947999715805054
809,0.5339530110359192,0.5469034314155579,0.7889999747276306,0.7680000066757202,0.9947999715805054
810,0.5554205179214478,0.5469034314155579,0.7739999890327454,0.7680000066757202,0.9947999715805054
811,0.5429703593254089,0.5469034314155579,0.7860000133514404,0.7680000066757202,0.9947999715805054
812,0.5355966687202454,0.5469034314155579,0.7860000133514404,0.7680000066757202,0.9947999715805054
813,0.559556782245636,0.5469034314155579,0.7680000066757202,0.7680000066757202,0.9947999715805054
814,0.553740382194519,0.5469034314155579,0.7639999985694885,0.7680000066757202,0.9947999715805054
815,0.5284548997879028,0.5469034314155579,0.7860000133514404,0.7680000066757202,0.9947999715805054
816,0.5485996603965759,0.5469034314155579,0.7760000228881836,0.7680000066757202,0.9947999715805054
817,0.5500369071960449,0.5469034314155579,0.7710000276565552,0.7680000066757202,0.9947999715805054
818,0.5490987300872803,0.5469034314155579,0.7689999938011169,0.7680000066757202,0.9947999715805054
819,0.5305732488632202,0.5469034314155579,0.7940000295639038,0.7680000066757202,0.9947999715805054
820,0.5268698930740356,0.5469034314155579,0.7910000085830688,0.7680000066757202,0.9947999715805054
821,0.5412192344665527,0.5469034314155579,0.7699999809265137,0.7680000066757202,0.9947999715805054
822,0.5528711080551147,0.5469034314155579,0.7649999856948853,0.7680000066757202,0.9947999715805054
823,0.5593563318252563,0.5469034314155579,0.7509999871253967,0.7680000066757202,0.9947999715805054
824,0.5670255422592163,0.5469034314155579,0.7570000290870667,0.7680000066757202,0.9947999715805054
825,0.5331099033355713,0.5469034314155579,0.7720000147819519,0.7680000066757202,0.9947999715805054
826,0.5542354583740234,0.5469034314155579,0.7749999761581421,0.7680000066757202,0.9947999715805054
827,0.5616241097450256,0.5469034314155579,0.7540000081062317,0.7680000066757202,0.9947999715805054
828,0.5696024894714355,0.5469034314155579,0.7580000162124634,0.7680000066757202,0.9947999715805054
829,0.5473414659500122,0.5469034314155579,0.7749999761581421,0.7680000066757202,0.9947999715805054
830,0.5385910868644714,0.5469034314155579,0.7730000019073486,0.7680000066757202,0.9947999715805054
831,0.5632262229919434,0.5469034314155579,0.75,0.7680000066757202,0.9947999715805054
832,0.5327506065368652,0.5469034314155579,0.7870000004768372,0.7680000066757202,0.9947999715805054
833,0.5588586330413818,0.5469034314155579,0.7670000195503235,0.7680000066757202,0.9947999715805054
834,0.5673478841781616,0.5469034314155579,0.75,0.7680000066757202,0.9947999715805054
835,0.5511703491210938,0.5469034314155579,0.7799999713897705,0.7680000066757202,0.9947999715805054
836,0.5538913607597351,0.5469034314155579,0.7749999761581421,0.7680000066757202,0.9947999715805054
837,0.5488324165344238,0.5469034314155579,0.7720000147819519,0.7680000066757202,0.9947999715805054
838,0.5308942794799805,0.5469034314155579,0.7860000133514404,0.7680000066757202,0.9947999715805054
839,0.567615807056427,0.5469034314155579,0.7620000243186951,0.7680000066757202,0.9947999715805054
840,0.5385438203811646,0.5469034314155579,0.7919999957084656,0.7680000066757202,0.9947999715805054
841,0.55528724193573,0.5469034314155579,0.7670000195503235,0.7680000066757202,0.9947999715805054
842,0.5440888404846191,0.5469034314155579,0.7689999938011169,0.7680000066757202,0.9947999715805054
843,0.5324929356575012,0.5469034314155579,0.7940000295639038,0.7680000066757202,0.9947999715805054
844,0.548444390296936,0.5469034314155579,0.7799999713897705,0.7680000066757202,0.9947999715805054
845,0.5417618155479431,0.5469034314155579,0.7749999761581421,0.7680000066757202,0.9947999715805054
846,0.5403156876564026,0.5469034314155579,0.7730000019073486,0.7680000066757202,0.9947999715805054
847,0.5575804710388184,0.5469034314155579,0.75,0.7680000066757202,0.9947999715805054
848,0.5508855581283569,0.5469034314155579,0.7620000243186951,0.7680000066757202,0.9947999715805054
849,0.5531235337257385,0.5469034314155579,0.7730000019073486,0.7680000066757202,0.9947999715805054
850,0.5769156217575073,0.5618495941162109,0.7570000290870667,0.7680000066757202,0.9961000084877014
851,0.5433246493339539,0.5618495941162109,0.7720000147819519,0.7680000066757202,0.9961000084877014
852,0.5435962080955505,0.5618495941162109,0.781000018119812,0.7680000066757202,0.9961000084877014
853,0.5570800304412842,0.5618495941162109,0.7590000033378601,0.7680000066757202,0.9961000084877014
854,0.5436158776283264,0.5618495941162109,0.7630000114440918,0.7680000066757202,0.9961000084877014
855,0.5572412014007568,0.5618495941162109,0.7730000019073486,0.7680000066757202,0.9961000084877014
856,0.5394024848937988,0.5618495941162109,0.7680000066757202,0.7680000066757202,0.9961000084877014
857,0.5432406663894653,0.5618495941162109,0.7760000228881836,0.7680000066757202,0.9961000084877014
858,0.524856686592102,0.5618495941162109,0.7919999957084656,0.7680000066757202,0.9961000084877014
859,0.534909188747406,0.5618495941162109,0.7820000052452087,0.7680000066757202,0.9961000084877014
860,0.5418496131896973,0.5618495941162109,0.7829999923706055,0.7680000066757202,0.9961000084877014
861,0.5766326785087585,0.5618495941162109,0.7480000257492065,0.7680000066757202,0.9961000084877014
862,0.5551180243492126,0.5618495941162109,0.7639999985694885,0.7680000066757202,0.9961000084877014
863,0.5624204277992249,0.5618495941162109,0.7699999809265137,0.7680000066757202,0.9961000084877014
864,0.548405110836029,0.5618495941162109,0.7710000276565552,0.7680000066757202,0.9961000084877014
865,0.5554853677749634,0.5618495941162109,0.7630000114440918,0.7680000066757202,0.9961000084877014
866,0.5364947319030762,0.5618495941162109,0.7730000019073486,0.7680000066757202,0.9961000084877014
867,0.549413800239563,0.5618495941162109,0.7649999856948853,0.7680000066757202,0.9961000084877014
868,0.567080557346344,0.5618495941162109,0.7630000114440918,0.7680000066757202,0.9961000084877014
869,0.5419842600822449,0.5618495941162109,0.765999972820282,0.7680000066757202,0.9961000084877014
870,0.5787861943244934,0.5618495941162109,0.7549999952316284,0.7680000066757202,0.9961000084877014
871,0.5690887570381165,0.5618495941162109,0.7540000081062317,0.7680000066757202,0.9961000084877014
872,0.5298237204551697,0.5618495941162109,0.7789999842643738,0.7680000066757202,0.9961000084877014
873,0.5365803837776184,0.5618495941162109,0.7760000228881836,0.7680000066757202,0.9961000084877014
874,0.5643133521080017,0.5618495941162109,0.7620000243186951,0.7680000066757202,0.9961000084877014
875,0.5563152432441711,0.5618495941162109,0.7590000033378601,0.7680000066757202,0.9961000084877014
876,0.5128291845321655,0.5618495941162109,0.7979999780654907,0.7680000066757202,0.9961000084877014
877,0.5577688813209534,0.5618495941162109,0.7670000195503235,0.7680000066757202,0.9961000084877014
878,0.5512616038322449,0.5618495941162109,0.7760000228881836,0.7680000066757202,0.9961000084877014
879,0.5239898562431335,0.5618495941162109,0.7900000214576721,0.7680000066757202,0.9961000084877014
880,0.5543360710144043,0.5618495941162109,0.7799999713897705,0.7680000066757202,0.9961000084877014
881,0.5538377165794373,0.5618495941162109,0.7599999904632568,0.7680000066757202,0.9961000084877014
882,0.5458166599273682,0.5618495941162109,0.7739999890327454,0.7680000066757202,0.9961000084877014
883,0.5581477880477905,0.5618495941162109,0.7820000052452087,0.7680000066757202,0.9961000084877014
884,0.5271989703178406,0.5618495941162109,0.7789999842643738,0.7680000066757202,0.9961000084877014
885,0.556535005569458,0.5618495941162109,0.765999972820282,0.7680000066757202,0.9961000084877014
886,0.5630678534507751,0.5618495941162109,0.7570000290870667,0.7680000066757202,0.9961000084877014
887,0.5279517769813538,0.5618495941162109,0.7829999923706055,0.7680000066757202,0.9961000084877014
888,0.5201970338821411,0.5618495941162109,0.7900000214576721,0.7680000066757202,0.9961000084877014
889,0.5523524284362793,0.5618495941162109,0.7620000243186951,0.7680000066757202,0.9961000084877014
890,0.5516882538795471,0.5618495941162109,0.7670000195503235,0.7680000066757202,0.9961000084877014
891,0.5397700071334839,0.5618495941162109,0.7770000100135803,0.7680000066757202,0.9961000084877014
892,0.5754650235176086,0.5618495941162109,0.7490000128746033,0.7680000066757202,0.9961000084877014
893,0.5102826356887817,0.5618495941162109,0.8019999861717224,0.7680000066757202,0.9961000084877014
894,0.5293300747871399,0.5618495941162109,0.781000018119812,0.7680000066757202,0.9961000084877014
895,0.555945873260498,0.5618495941162109,0.7649999856948853,0.7680000066757202,0.9961000084877014
896,0.5294634103775024,0.5618495941162109,0.8009999990463257,0.7680000066757202,0.9961000084877014
897,0.5296909213066101,0.5618495941162109,0.7879999876022339,0.7680000066757202,0.9961000084877014
898,0.5641028881072998,0.5618495941162109,0.7649999856948853,0.7680000066757202,0.9961000084877014
899,0.5375342965126038,0.5618495941162109,0.7710000276565552,0.7680000066757202,0.9961000084877014
900,0.5623994469642639,0.5458276867866516,0.75,0.7820000052452087,0.9944999814033508
901,0.5205288529396057,0.5458276867866516,0.7950000166893005,0.7820000052452087,0.9944999814033508
902,0.5556975603103638,0.5458276867866516,0.7639999985694885,0.7820000052452087,0.9944999814033508
903,0.5414608120918274,0.5458276867866516,0.7870000004768372,0.7820000052452087,0.9944999814033508
904,0.5336475968360901,0.5458276867866516,0.7799999713897705,0.7820000052452087,0.9944999814033508
905,0.5455138683319092,0.5458276867866516,0.7699999809265137,0.7820000052452087,0.9944999814033508
906,0.5367107391357422,0.5458276867866516,0.7889999747276306,0.7820000052452087,0.9944999814033508
907,0.5387523174285889,0.5458276867866516,0.781000018119812,0.7820000052452087,0.9944999814033508
908,0.5401273369789124,0.5458276867866516,0.777999997138977,0.7820000052452087,0.9944999814033508
909,0.5486643314361572,0.5458276867866516,0.7789999842643738,0.7820000052452087,0.9944999814033508
910,0.549406111240387,0.5458276867866516,0.7639999985694885,0.7820000052452087,0.9944999814033508
911,0.553874135017395,0.5458276867866516,0.7710000276565552,0.7820000052452087,0.9944999814033508
912,0.5413819551467896,0.5458276867866516,0.7710000276565552,0.7820000052452087,0.9944999814033508
913,0.5515772700309753,0.5458276867866516,0.7789999842643738,0.7820000052452087,0.9944999814033508
914,0.5361717343330383,0.5458276867866516,0.7820000052452087,0.7820000052452087,0.9944999814033508
915,0.5206926465034485,0.5458276867866516,0.7960000038146973,0.7820000052452087,0.9944999814033508
916,0.5375135540962219,0.5458276867866516,0.777999997138977,0.7820000052452087,0.9944999814033508
917,0.5572879910469055,0.5458276867866516,0.7620000243186951,0.7820000052452087,0.9944999814033508
918,0.5334950089454651,0.5458276867866516,0.7850000262260437,0.7820000052452087,0.9944999814033508
919,0.5461445450782776,0.5458276867866516,0.7739999890327454,0.7820000052452087,0.9944999814033508
920,0.5636706352233887,0.5458276867866516,0.7620000243186951,0.7820000052452087,0.9944999814033508
921,0.5325980186462402,0.5458276867866516,0.7910000085830688,0.7820000052452087,0.9944999814033508
922,0.541650652885437,0.5458276867866516,0.7789999842643738,0.7820000052452087,0.9944999814033508
923,0.539225697517395,0.5458276867866516,0.7739999890327454,0.7820000052452087,0.9944999814033508
924,0.5020391941070557,0.5458276867866516,0.8109999895095825,0.7820000052452087,0.9944999814033508
925,0.5595722198486328,0.5458276867866516,0.7630000114440918,0.7820000052452087,0.9944999814033508
926,0.5528165102005005,0.5458276867866516,0.7559999823570251,0.7820000052452087,0.9944999814033508
927,0.5583298206329346,0.5458276867866516,0.7680000066757202,0.7820000052452087,0.9944999814033508
928,0.553787112236023,0.5458276867866516,0.7670000195503235,0.7820000052452087,0.9944999814033508
929,0.5502960085868835,0.5458276867866516,0.7760000228881836,0.7820000052452087,0.9944999814033508
930,0.5411579608917236,0.5458276867866516,0.7829999923706055,0.7820000052452087,0.9944999814033508
931,0.5225682258605957,0.5458276867866516,0.7730000019073486,0.7820000052452087,0.9944999814033508
932,0.5125978589057922,0.5458276867866516,0.7979999780654907,0.7820000052452087,0.9944999814033508
933,0.5532872080802917,0.5458276867866516,0.7770000100135803,0.7820000052452087,0.9944999814033508
934,0.5613020062446594,0.5458276867866516,0.7649999856948853,0.7820000052452087,0.9944999814033508
935,0.5446904897689819,0.5458276867866516,0.7789999842643738,0.7820000052452087,0.9944999814033508
936,0.5544999241828918,0.5458276867866516,0.7730000019073486,0.7820000052452087,0.9944999814033508
937,0.5744713544845581,0.5458276867866516,0.7559999823570251,0.7820000052452087,0.9944999814033508
938,0.5479548573493958,0.5458276867866516,0.7799999713897705,0.7820000052452087,0.9944999814033508
939,0.5404700040817261,0.5458276867866516,0.7760000228881836,0.7820000052452087,0.9944999814033508
940,0.5432584285736084,0.5458276867866516,0.777999997138977,0.7820000052452087,0.9944999814033508
941,0.5592000484466553,0.5458276867866516,0.7720000147819519,0.7820000052452087,0.9944999814033508
942,0.5128950476646423,0.5458276867866516,0.8059999942779541,0.7820000052452087,0.9944999814033508
943,0.5326159000396729,0.5458276867866516,0.7919999957084656,0.7820000052452087,0.9944999814033508
944,0.5550024509429932,0.5458276867866516,0.7699999809265137,0.7820000052452087,0.9944999814033508
945,0.528066873550415,0.5458276867866516,0.7760000228881836,0.7820000052452087,0.9944999814033508
946,0.5531185269355774,0.5458276867866516,0.7649999856948853,0.7820000052452087,0.9944999814033508
947,0.5476757287979126,0.5458276867866516,0.7730000019073486,0.7820000052452087,0.9944999814033508
948,0.5682265758514404,0.5458276867866516,0.7580000162124634,0.7820000052452087,0.9944999814033508
949,0.5305716395378113,0.5458276867866516,0.7820000052452087,0.7820000052452087,0.9944999814033508
950,0.5390943884849548,0.574905276298523,0.7850000262260437,0.7590000033378601,0.9951000213623047
951,0.5313697457313538,0.574905276298523,0.7889999747276306,0.7590000033378601,0.9951000213623047
952,0.553306519985199,0.574905276298523,0.7689999938011169,0.7590000033378601,0.9951000213623047
953,0.5407924056053162,0.574905276298523,0.7670000195503235,0.7590000033378601,0.9951000213623047
954,0.5472815036773682,0.574905276298523,0.7670000195503235,0.7590000033378601,0.9951000213623047
955,0.532151997089386,0.574905276298523,0.7950000166893005,0.7590000033378601,0.9951000213623047
956,0.5427342653274536,0.574905276298523,0.7739999890327454,0.7590000033378601,0.9951000213623047
957,0.5470483303070068,0.574905276298523,0.7710000276565552,0.7590000033378601,0.9951000213623047
958,0.5463209748268127,0.574905276298523,0.7829999923706055,0.7590000033378601,0.9951000213623047
959,0.5540551543235779,0.574905276298523,0.7799999713897705,0.7590000033378601,0.9951000213623047
960,0.5325568914413452,0.574905276298523,0.7829999923706055,0.7590000033378601,0.9951000213623047
961,0.533638060092926,0.574905276298523,0.7730000019073486,0.7590000033378601,0.9951000213623047
962,0.5503751039505005,0.574905276298523,0.7799999713897705,0.7590000033378601,0.9951000213623047
963,0.5332919359207153,0.574905276298523,0.777999997138977,0.7590000033378601,0.9951000213623047
964,0.5331827402114868,0.574905276298523,0.7860000133514404,0.7590000033378601,0.9951000213623047
965,0.5353313088417053,0.574905276298523,0.781000018119812,0.7590000033378601,0.9951000213623047
966,0.5275520086288452,0.574905276298523,0.7850000262260437,0.7590000033378601,0.9951000213623047
967,0.5757952332496643,0.574905276298523,0.7549999952316284,0.7590000033378601,0.9951000213623047
968,0.5534075498580933,0.574905276298523,0.7710000276565552,0.7590000033378601,0.9951000213623047
969,0.5606929659843445,0.574905276298523,0.7599999904632568,0.7590000033378601,0.9951000213623047
970,0.5197072625160217,0.574905276298523,0.8029999732971191,0.7590000033378601,0.9951000213623047
971,0.577201783657074,0.574905276298523,0.746999979019165,0.7590000033378601,0.9951000213623047
972,0.5418350696563721,0.574905276298523,0.777999997138977,0.7590000033378601,0.9951000213623047
973,0.5441514253616333,0.574905276298523,0.7680000066757202,0.7590000033378601,0.9951000213623047
974,0.5344278216362,0.574905276298523,0.781000018119812,0.7590000033378601,0.9951000213623047
975,0.5232841968536377,0.574905276298523,0.7929999828338623,0.7590000033378601,0.9951000213623047
976,0.5232906937599182,0.574905276298523,0.7889999747276306,0.7590000033378601,0.9951000213623047
977,0.5455737709999084,0.574905276298523,0.7689999938011169,0.7590000033378601,0.9951000213623047
978,0.5372989773750305,0.574905276298523,0.7839999794960022,0.7590000033378601,0.9951000213623047
979,0.540925145149231,0.574905276298523,0.7710000276565552,0.7590000033378601,0.9951000213623047
980,0.5593080520629883,0.574905276298523,0.7580000162124634,0.7590000033378601,0.9951000213623047
981,0.5268108248710632,0.574905276298523,0.7829999923706055,0.7590000033378601,0.9951000213623047
982,0.5421416759490967,0.574905276298523,0.7799999713897705,0.7590000033378601,0.9951000213623047
983,0.5556100010871887,0.574905276298523,0.7590000033378601,0.7590000033378601,0.9951000213623047
984,0.5248298048973083,0.574905276298523,0.7710000276565552,0.7590000033378601,0.9951000213623047
985,0.5922831892967224,0.574905276298523,0.7480000257492065,0.7590000033378601,0.9951000213623047
986,0.5306169390678406,0.574905276298523,0.7950000166893005,0.7590000033378601,0.9951000213623047
987,0.543997585773468,0.574905276298523,0.777999997138977,0.7590000033378601,0.9951000213623047
988,0.5529200434684753,0.574905276298523,0.7789999842643738,0.7590000033378601,0.9951000213623047
989,0.5482960939407349,0.574905276298523,0.7799999713897705,0.7590000033378601,0.9951000213623047
990,0.5395016074180603,0.574905276298523,0.7919999957084656,0.7590000033378601,0.9951000213623047
991,0.5223678350448608,0.574905276298523,0.7850000262260437,0.7590000033378601,0.9951000213623047
992,0.5258846282958984,0.574905276298523,0.7929999828338623,0.7590000033378601,0.9951000213623047
993,0.56751948595047,0.574905276298523,0.7590000033378601,0.7590000033378601,0.9951000213623047
994,0.5524957180023193,0.574905276298523,0.7749999761581421,0.7590000033378601,0.9951000213623047
995,0.5548245906829834,0.574905276298523,0.7609999775886536,0.7590000033378601,0.9951000213623047
996,0.5378365516662598,0.574905276298523,0.7770000100135803,0.7590000033378601,0.9951000213623047
997,0.5747019648551941,0.574905276298523,0.7599999904632568,0.7590000033378601,0.9951000213623047
998,0.565887987613678,0.574905276298523,0.7490000128746033,0.7590000033378601,0.9951000213623047
999,0.537036657333374,0.574905276298523,0.777999997138977,0.7590000033378601,0.9951000213623047
