step,train_loss,train_acc,in_context_acc,val_loss,val_acc,batch_time,samples_per_second,experiment_name,timestamp,d,N,B,R_train
0,0.6931473612785339,0.4909999966621399,1.0,0.001517751021310687,1.0,0.3528602123260498,2822.531238055246,d1000_B1000_R7_20251106_193320,2025-11-06 19:34:24,1000,40,1000,158.11388300841895
1,0.0,1.0,1.0,0.001517751021310687,1.0,0.11758708953857422,4234.9745783633125,d1000_B1000_R7_20251106_193320,2025-11-06 19:34:24,1000,40,1000,158.11388300841895
2,0.0,1.0,1.0,0.001517751021310687,1.0,0.16606473922729492,4697.586156303818,d1000_B1000_R7_20251106_193320,2025-11-06 19:34:24,1000,40,1000,158.11388300841895
3,0.0,1.0,1.0,0.001517751021310687,1.0,0.13945889472961426,5139.560381321859,d1000_B1000_R7_20251106_193320,2025-11-06 19:34:24,1000,40,1000,158.11388300841895
4,0.0,1.0,1.0,0.001517751021310687,1.0,0.12534713745117188,5529.965388142736,d1000_B1000_R7_20251106_193320,2025-11-06 19:34:24,1000,40,1000,158.11388300841895
5,0.0,1.0,1.0,0.001517751021310687,1.0,0.1766068935394287,5549.528443351457,d1000_B1000_R7_20251106_193320,2025-11-06 19:34:24,1000,40,1000,158.11388300841895
6,0.0,1.0,1.0,0.001517751021310687,1.0,0.14945578575134277,5686.747940063952,d1000_B1000_R7_20251106_193320,2025-11-06 19:34:24,1000,40,1000,158.11388300841895
7,0.0,1.0,1.0,0.001517751021310687,1.0,0.1388709545135498,5839.037519605176,d1000_B1000_R7_20251106_193320,2025-11-06 19:34:24,1000,40,1000,158.11388300841895
8,0.0,1.0,1.0,0.001517751021310687,1.0,0.25904107093811035,5523.82479801879,d1000_B1000_R7_20251106_193320,2025-11-06 19:34:24,1000,40,1000,158.11388300841895
9,0.0,1.0,1.0,0.001517751021310687,1.0,0.24574589729309082,5330.354447962596,d1000_B1000_R7_20251106_193320,2025-11-06 19:34:24,1000,40,1000,158.11388300841895
10,0.0,1.0,1.0,0.001517751021310687,1.0,0.13804984092712402,5460.29336978788,d1000_B1000_R7_20251106_193320,2025-11-06 19:34:24,1000,40,1000,158.11388300841895
11,0.0,1.0,1.0,0.001517751021310687,1.0,0.20966601371765137,5394.425135804734,d1000_B1000_R7_20251106_193320,2025-11-06 19:34:24,1000,40,1000,158.11388300841895
12,0.0,1.0,1.0,0.001517751021310687,1.0,0.1901700496673584,5383.110015914574,d1000_B1000_R7_20251106_193320,2025-11-06 19:34:24,1000,40,1000,158.11388300841895
13,0.0,1.0,1.0,0.001517751021310687,1.0,0.17353272438049316,5408.097374800144,d1000_B1000_R7_20251106_193320,2025-11-06 19:34:24,1000,40,1000,158.11388300841895
14,0.0,1.0,1.0,0.001517751021310687,1.0,0.22812700271606445,5324.3753325377675,d1000_B1000_R7_20251106_193320,2025-11-06 19:34:24,1000,40,1000,158.11388300841895
15,0.0,1.0,1.0,0.001517751021310687,1.0,0.16151881217956543,5370.971373142367,d1000_B1000_R7_20251106_193320,2025-11-06 19:34:24,1000,40,1000,158.11388300841895
16,0.0,1.0,1.0,0.001517751021310687,1.0,0.21884393692016602,5315.66790971728,d1000_B1000_R7_20251106_193320,2025-11-06 19:34:24,1000,40,1000,158.11388300841895
17,0.0,1.0,1.0,0.001517751021310687,1.0,0.36977696418762207,5044.488331106446,d1000_B1000_R7_20251106_193320,2025-11-06 19:34:24,1000,40,1000,158.11388300841895
18,0.0,1.0,1.0,0.001517751021310687,1.0,0.1353778839111328,5129.860070397698,d1000_B1000_R7_20251106_193320,2025-11-06 19:34:24,1000,40,1000,158.11388300841895
19,0.0,1.0,1.0,0.001517751021310687,1.0,0.1835031509399414,5144.609912223543,d1000_B1000_R7_20251106_193320,2025-11-06 19:34:24,1000,40,1000,158.11388300841895
20,0.0,1.0,1.0,0.001517751021310687,1.0,0.21161699295043945,5122.637369744223,d1000_B1000_R7_20251106_193320,2025-11-06 19:34:24,1000,40,1000,158.11388300841895
21,0.0,1.0,1.0,0.001517751021310687,1.0,0.1725161075592041,5149.356279459621,d1000_B1000_R7_20251106_193320,2025-11-06 19:34:24,1000,40,1000,158.11388300841895
22,0.0,1.0,1.0,0.001517751021310687,1.0,0.19321012496948242,5150.134475062508,d1000_B1000_R7_20251106_193320,2025-11-06 19:34:24,1000,40,1000,158.11388300841895
23,0.0,1.0,1.0,0.001517751021310687,1.0,0.20415782928466797,5138.707951816159,d1000_B1000_R7_20251106_193320,2025-11-06 19:34:24,1000,40,1000,158.11388300841895
24,0.0,1.0,1.0,0.001517751021310687,1.0,0.22716999053955078,5104.15866537653,d1000_B1000_R7_20251106_193320,2025-11-06 19:34:24,1000,40,1000,158.11388300841895
25,0.0,1.0,1.0,0.001517751021310687,1.0,0.3972189426422119,4909.760537082857,d1000_B1000_R7_20251106_193320,2025-11-06 19:34:24,1000,40,1000,158.11388300841895
26,0.0,1.0,1.0,0.001517751021310687,1.0,0.19412517547607422,4918.040040049169,d1000_B1000_R7_20251106_193320,2025-11-06 19:34:24,1000,40,1000,158.11388300841895
27,0.0,1.0,1.0,0.001517751021310687,1.0,0.1993720531463623,4921.223555662383,d1000_B1000_R7_20251106_193320,2025-11-06 19:34:24,1000,40,1000,158.11388300841895
28,0.0,1.0,1.0,0.001517751021310687,1.0,0.17232275009155273,4946.969351885232,d1000_B1000_R7_20251106_193320,2025-11-06 19:34:24,1000,40,1000,158.11388300841895
29,0.0,1.0,1.0,0.001517751021310687,1.0,0.20221209526062012,4946.695377592788,d1000_B1000_R7_20251106_193320,2025-11-06 19:34:24,1000,40,1000,158.11388300841895
30,0.0,1.0,1.0,0.001517751021310687,1.0,0.18113207817077637,4963.163698784129,d1000_B1000_R7_20251106_193320,2025-11-06 19:34:24,1000,40,1000,158.11388300841895
31,0.0,1.0,1.0,0.001517751021310687,1.0,0.17050480842590332,4986.924910174755,d1000_B1000_R7_20251106_193320,2025-11-06 19:34:24,1000,40,1000,158.11388300841895
32,0.0,1.0,1.0,0.001517751021310687,1.0,0.18045520782470703,5001.908329567472,d1000_B1000_R7_20251106_193320,2025-11-06 19:34:24,1000,40,1000,158.11388300841895
33,0.0,1.0,1.0,0.001517751021310687,1.0,0.2048780918121338,4998.129499847207,d1000_B1000_R7_20251106_193320,2025-11-06 19:34:24,1000,40,1000,158.11388300841895
34,0.0,1.0,1.0,0.001517751021310687,1.0,0.22678279876708984,4978.830903699316,d1000_B1000_R7_20251106_193320,2025-11-06 19:34:24,1000,40,1000,158.11388300841895
35,0.0,1.0,1.0,0.001517751021310687,1.0,0.21365094184875488,4969.83600209846,d1000_B1000_R7_20251106_193320,2025-11-06 19:34:24,1000,40,1000,158.11388300841895
36,0.0,1.0,1.0,0.001517751021310687,1.0,0.48502135276794434,4787.187611282061,d1000_B1000_R7_20251106_193320,2025-11-06 19:34:24,1000,40,1000,158.11388300841895
37,0.0,1.0,1.0,0.001517751021310687,1.0,0.2637948989868164,4754.104708657101,d1000_B1000_R7_20251106_193320,2025-11-06 19:34:24,1000,40,1000,158.11388300841895
38,0.0,1.0,1.0,0.001517751021310687,1.0,0.24421405792236328,4734.312283938819,d1000_B1000_R7_20251106_193320,2025-11-06 19:34:24,1000,40,1000,158.11388300841895
39,0.0,1.0,1.0,0.001517751021310687,1.0,0.24146294593811035,4716.701973300218,d1000_B1000_R7_20251106_193320,2025-11-06 19:34:24,1000,40,1000,158.11388300841895
40,0.0,1.0,1.0,0.001517751021310687,1.0,0.20572590827941895,4719.812013846897,d1000_B1000_R7_20251106_193320,2025-11-06 19:34:24,1000,40,1000,158.11388300841895
41,0.0,1.0,1.0,0.001517751021310687,1.0,0.1894969940185547,4731.577179876799,d1000_B1000_R7_20251106_193320,2025-11-06 19:34:24,1000,40,1000,158.11388300841895
42,0.0,1.0,1.0,0.001517751021310687,1.0,0.2508687973022461,4710.852849345886,d1000_B1000_R7_20251106_193320,2025-11-06 19:34:24,1000,40,1000,158.11388300841895
43,0.0,1.0,1.0,0.001517751021310687,1.0,0.15342211723327637,4740.611047436094,d1000_B1000_R7_20251106_193320,2025-11-06 19:34:24,1000,40,1000,158.11388300841895
44,0.0,1.0,1.0,0.001517751021310687,1.0,0.22814297676086426,4731.813040521194,d1000_B1000_R7_20251106_193320,2025-11-06 19:34:24,1000,40,1000,158.11388300841895
45,0.0,1.0,1.0,0.001517751021310687,1.0,0.27739405632019043,4699.782576149867,d1000_B1000_R7_20251106_193320,2025-11-06 19:34:24,1000,40,1000,158.11388300841895
46,0.0,1.0,1.0,0.001517751021310687,1.0,0.22396183013916016,4694.4132249227705,d1000_B1000_R7_20251106_193320,2025-11-06 19:34:24,1000,40,1000,158.11388300841895
47,0.0,1.0,1.0,0.001517751021310687,1.0,0.31418299674987793,4648.309416364894,d1000_B1000_R7_20251106_193320,2025-11-06 19:34:24,1000,40,1000,158.11388300841895
48,0.0,1.0,1.0,0.001517751021310687,1.0,0.30087804794311523,4610.514115846693,d1000_B1000_R7_20251106_193320,2025-11-06 19:34:24,1000,40,1000,158.11388300841895
49,0.0,1.0,1.0,0.001517751021310687,1.0,0.17570900917053223,4627.87018319587,d1000_B1000_R7_20251106_193320,2025-11-06 19:34:24,1000,40,1000,158.11388300841895
50,0.0,1.0,1.0,0.001517751021310687,1.0,0.20609807968139648,4631.906148888617,d1000_B1000_R7_20251106_193320,2025-11-06 19:34:24,1000,40,1000,158.11388300841895
51,0.0,1.0,1.0,0.001517751021310687,1.0,0.35226869583129883,4576.18505911946,d1000_B1000_R7_20251106_193320,2025-11-06 19:34:24,1000,40,1000,158.11388300841895
52,0.0,1.0,1.0,0.001517751021310687,1.0,0.21758699417114258,4576.441342164094,d1000_B1000_R7_20251106_193320,2025-11-06 19:34:24,1000,40,1000,158.11388300841895
53,0.0,1.0,1.0,0.001517751021310687,1.0,0.3208489418029785,4536.937102745555,d1000_B1000_R7_20251106_193320,2025-11-06 19:34:24,1000,40,1000,158.11388300841895
54,0.0,1.0,1.0,0.001517751021310687,1.0,0.24376702308654785,4528.115257158461,d1000_B1000_R7_20251106_193320,2025-11-06 19:34:24,1000,40,1000,158.11388300841895
55,0.0,1.0,1.0,0.001517751021310687,1.0,0.1992189884185791,4535.977212530173,d1000_B1000_R7_20251106_193320,2025-11-06 19:34:24,1000,40,1000,158.11388300841895
56,0.0,1.0,1.0,0.001517751021310687,1.0,0.3559379577636719,4487.495713351762,d1000_B1000_R7_20251106_193320,2025-11-06 19:34:24,1000,40,1000,158.11388300841895
57,0.0,1.0,1.0,0.001517751021310687,1.0,0.22184014320373535,4487.737170913073,d1000_B1000_R7_20251106_193320,2025-11-06 19:34:24,1000,40,1000,158.11388300841895
58,0.0,1.0,1.0,0.001517751021310687,1.0,0.256242036819458,4476.263536701323,d1000_B1000_R7_20251106_193320,2025-11-06 19:34:24,1000,40,1000,158.11388300841895
59,0.0,1.0,1.0,0.001517751021310687,1.0,0.18478107452392578,4488.734617111612,d1000_B1000_R7_20251106_193320,2025-11-06 19:34:24,1000,40,1000,158.11388300841895
60,0.0,1.0,1.0,0.001517751021310687,1.0,0.19831204414367676,4496.626658423255,d1000_B1000_R7_20251106_193320,2025-11-06 19:34:24,1000,40,1000,158.11388300841895
61,0.0,1.0,1.0,0.001517751021310687,1.0,0.2663149833679199,4482.143650610212,d1000_B1000_R7_20251106_193320,2025-11-06 19:34:24,1000,40,1000,158.11388300841895
62,0.0,1.0,1.0,0.001517751021310687,1.0,0.1650681495666504,4500.631403948677,d1000_B1000_R7_20251106_193320,2025-11-06 19:34:24,1000,40,1000,158.11388300841895
63,0.0,1.0,1.0,0.001517751021310687,1.0,0.26316070556640625,4487.614107469344,d1000_B1000_R7_20251106_193320,2025-11-06 19:34:24,1000,40,1000,158.11388300841895
64,0.0,1.0,1.0,0.001517751021310687,1.0,0.1726217269897461,4503.169837605441,d1000_B1000_R7_20251106_193320,2025-11-06 19:34:24,1000,40,1000,158.11388300841895
65,0.0,1.0,1.0,0.001517751021310687,1.0,0.27266907691955566,4487.606189206774,d1000_B1000_R7_20251106_193320,2025-11-06 19:34:24,1000,40,1000,158.11388300841895
66,0.0,1.0,1.0,0.001517751021310687,1.0,0.23886513710021973,4482.683957444595,d1000_B1000_R7_20251106_193320,2025-11-06 19:34:24,1000,40,1000,158.11388300841895
67,0.0,1.0,1.0,0.001517751021310687,1.0,0.18733787536621094,4493.187672299475,d1000_B1000_R7_20251106_193320,2025-11-06 19:34:24,1000,40,1000,158.11388300841895
68,0.0,1.0,1.0,0.001517751021310687,1.0,0.2166757583618164,4494.85167067466,d1000_B1000_R7_20251106_193320,2025-11-06 19:34:24,1000,40,1000,158.11388300841895
69,0.0,1.0,1.0,0.001517751021310687,1.0,0.24729514122009277,4487.461184814504,d1000_B1000_R7_20251106_193320,2025-11-06 19:34:24,1000,40,1000,158.11388300841895
70,0.0,1.0,1.0,0.001517751021310687,1.0,0.19022178649902344,4496.644167207339,d1000_B1000_R7_20251106_193320,2025-11-06 19:34:24,1000,40,1000,158.11388300841895
71,0.0,1.0,1.0,0.001517751021310687,1.0,0.2661001682281494,4484.339094387391,d1000_B1000_R7_20251106_193320,2025-11-06 19:34:24,1000,40,1000,158.11388300841895
72,0.0,1.0,1.0,0.001517751021310687,1.0,0.17980194091796875,4496.1916083869255,d1000_B1000_R7_20251106_193320,2025-11-06 19:34:24,1000,40,1000,158.11388300841895
73,0.0,1.0,1.0,0.001517751021310687,1.0,0.20078420639038086,4502.053747425264,d1000_B1000_R7_20251106_193320,2025-11-06 19:34:24,1000,40,1000,158.11388300841895
74,0.0,1.0,1.0,0.001517751021310687,1.0,0.2210078239440918,4502.259382161606,d1000_B1000_R7_20251106_193320,2025-11-06 19:34:24,1000,40,1000,158.11388300841895
75,0.0,1.0,1.0,0.001517751021310687,1.0,0.27201104164123535,4488.895821015056,d1000_B1000_R7_20251106_193320,2025-11-06 19:34:24,1000,40,1000,158.11388300841895
76,0.0,1.0,1.0,0.001517751021310687,1.0,0.1970219612121582,4495.5738918318075,d1000_B1000_R7_20251106_193320,2025-11-06 19:34:24,1000,40,1000,158.11388300841895
77,0.0,1.0,1.0,0.001517751021310687,1.0,0.25270605087280273,4487.654371792031,d1000_B1000_R7_20251106_193320,2025-11-06 19:34:24,1000,40,1000,158.11388300841895
78,0.0,1.0,1.0,0.001517751021310687,1.0,0.20902395248413086,4491.131036572511,d1000_B1000_R7_20251106_193320,2025-11-06 19:34:24,1000,40,1000,158.11388300841895
79,0.0,1.0,1.0,0.001517751021310687,1.0,0.26902294158935547,4479.400961458184,d1000_B1000_R7_20251106_193320,2025-11-06 19:34:24,1000,40,1000,158.11388300841895
80,0.0,1.0,1.0,0.001517751021310687,1.0,0.24608683586120605,4473.632652093789,d1000_B1000_R7_20251106_193320,2025-11-06 19:34:24,1000,40,1000,158.11388300841895
81,0.0,1.0,1.0,0.001517751021310687,1.0,0.25540781021118164,4465.695884349576,d1000_B1000_R7_20251106_193320,2025-11-06 19:34:24,1000,40,1000,158.11388300841895
82,0.0,1.0,1.0,0.001517751021310687,1.0,0.24608516693115234,4460.169605149562,d1000_B1000_R7_20251106_193320,2025-11-06 19:34:24,1000,40,1000,158.11388300841895
83,0.0,1.0,1.0,0.001517751021310687,1.0,0.24804306030273438,4454.25940428156,d1000_B1000_R7_20251106_193320,2025-11-06 19:34:24,1000,40,1000,158.11388300841895
84,0.0,1.0,1.0,0.001517751021310687,1.0,0.27638816833496094,4442.067251480058,d1000_B1000_R7_20251106_193320,2025-11-06 19:34:24,1000,40,1000,158.11388300841895
85,0.0,1.0,1.0,0.001517751021310687,1.0,0.2216320037841797,4442.793905953908,d1000_B1000_R7_20251106_193320,2025-11-06 19:34:24,1000,40,1000,158.11388300841895
86,0.0,1.0,1.0,0.001517751021310687,1.0,0.2637338638305664,4433.984618477347,d1000_B1000_R7_20251106_193320,2025-11-06 19:34:24,1000,40,1000,158.11388300841895
87,0.0,1.0,1.0,0.001517751021310687,1.0,0.18915772438049316,4442.079189409634,d1000_B1000_R7_20251106_193320,2025-11-06 19:34:24,1000,40,1000,158.11388300841895
88,0.0,1.0,1.0,0.001517751021310687,1.0,0.2431330680847168,4437.952530524688,d1000_B1000_R7_20251106_193320,2025-11-06 19:34:24,1000,40,1000,158.11388300841895
89,0.0,1.0,1.0,0.001517751021310687,1.0,0.22446393966674805,4438.07691347245,d1000_B1000_R7_20251106_193320,2025-11-06 19:34:24,1000,40,1000,158.11388300841895
90,0.0,1.0,1.0,0.001517751021310687,1.0,0.2042551040649414,4442.562444599883,d1000_B1000_R7_20251106_193320,2025-11-06 19:34:24,1000,40,1000,158.11388300841895
91,0.0,1.0,1.0,0.001517751021310687,1.0,0.260451078414917,4434.929741981923,d1000_B1000_R7_20251106_193320,2025-11-06 19:34:24,1000,40,1000,158.11388300841895
92,0.0,1.0,1.0,0.001517751021310687,1.0,0.21251773834228516,4437.576778289652,d1000_B1000_R7_20251106_193320,2025-11-06 19:34:24,1000,40,1000,158.11388300841895
93,0.0,1.0,1.0,0.001517751021310687,1.0,0.18640398979187012,4445.697054170719,d1000_B1000_R7_20251106_193320,2025-11-06 19:34:24,1000,40,1000,158.11388300841895
94,0.0,1.0,1.0,0.001517751021310687,1.0,0.1857128143310547,4453.809027317052,d1000_B1000_R7_20251106_193320,2025-11-06 19:34:24,1000,40,1000,158.11388300841895
95,0.0,1.0,1.0,0.001517751021310687,1.0,0.2150249481201172,4455.726337682515,d1000_B1000_R7_20251106_193320,2025-11-06 19:34:24,1000,40,1000,158.11388300841895
96,0.0,1.0,1.0,0.001517751021310687,1.0,0.2413010597229004,4452.176495236623,d1000_B1000_R7_20251106_193320,2025-11-06 19:34:24,1000,40,1000,158.11388300841895
97,0.0,1.0,1.0,0.001517751021310687,1.0,0.22983574867248535,4451.04596308654,d1000_B1000_R7_20251106_193320,2025-11-06 19:34:24,1000,40,1000,158.11388300841895
98,0.0,1.0,1.0,0.001517751021310687,1.0,0.4833190441131592,4399.838500122871,d1000_B1000_R7_20251106_193320,2025-11-06 19:34:24,1000,40,1000,158.11388300841895
99,0.0,1.0,1.0,0.001517751021310687,1.0,0.19189810752868652,4406.658076512552,d1000_B1000_R7_20251106_193320,2025-11-06 19:34:24,1000,40,1000,158.11388300841895
100,0.0,1.0,1.0,0.001517751021310687,1.0,0.2006058692932129,4411.444331261697,d1000_B1000_R7_20251106_193320,2025-11-06 19:34:24,1000,40,1000,158.11388300841895
101,0.0,1.0,1.0,0.001517751021310687,1.0,0.18415307998657227,4419.4741270190925,d1000_B1000_R7_20251106_193320,2025-11-06 19:34:24,1000,40,1000,158.11388300841895
102,0.0,1.0,1.0,0.001517751021310687,1.0,0.18974900245666504,4426.320549994365,d1000_B1000_R7_20251106_193320,2025-11-06 19:34:24,1000,40,1000,158.11388300841895
103,0.0,1.0,1.0,0.001517751021310687,1.0,0.22130298614501953,4427.116477664131,d1000_B1000_R7_20251106_193320,2025-11-06 19:34:24,1000,40,1000,158.11388300841895
104,0.0,1.0,1.0,0.001517751021310687,1.0,0.22044014930725098,4428.070263636944,d1000_B1000_R7_20251106_193320,2025-11-06 19:34:24,1000,40,1000,158.11388300841895
105,0.0,1.0,1.0,0.001517751021310687,1.0,0.19462227821350098,4433.805012683522,d1000_B1000_R7_20251106_193320,2025-11-06 19:34:24,1000,40,1000,158.11388300841895
106,0.0,1.0,1.0,0.001517751021310687,1.0,0.22262096405029297,4434.241206075829,d1000_B1000_R7_20251106_193320,2025-11-06 19:34:24,1000,40,1000,158.11388300841895
107,0.0,1.0,1.0,0.001517751021310687,1.0,0.22254180908203125,4434.712907436004,d1000_B1000_R7_20251106_193320,2025-11-06 19:34:24,1000,40,1000,158.11388300841895
108,0.0,1.0,1.0,0.001517751021310687,1.0,0.21338605880737305,4436.837149271524,d1000_B1000_R7_20251106_193320,2025-11-06 19:34:24,1000,40,1000,158.11388300841895
109,0.0,1.0,1.0,0.001517751021310687,1.0,0.24704718589782715,4432.914402970235,d1000_B1000_R7_20251106_193320,2025-11-06 19:34:24,1000,40,1000,158.11388300841895
110,0.0,1.0,1.0,0.001517751021310687,1.0,0.22197580337524414,4433.523339222887,d1000_B1000_R7_20251106_193320,2025-11-06 19:34:24,1000,40,1000,158.11388300841895
111,0.0,1.0,1.0,0.001517751021310687,1.0,0.21041297912597656,4436.14148067985,d1000_B1000_R7_20251106_193320,2025-11-06 19:34:24,1000,40,1000,158.11388300841895
112,0.0,1.0,1.0,0.001517751021310687,1.0,0.2223529815673828,4436.637705922008,d1000_B1000_R7_20251106_193320,2025-11-06 19:34:24,1000,40,1000,158.11388300841895
113,0.0,1.0,1.0,0.001517751021310687,1.0,0.22317886352539062,4436.985464895406,d1000_B1000_R7_20251106_193320,2025-11-06 19:34:24,1000,40,1000,158.11388300841895
114,0.0,1.0,1.0,0.001517751021310687,1.0,0.27378201484680176,4428.6521353024245,d1000_B1000_R7_20251106_193320,2025-11-06 19:34:24,1000,40,1000,158.11388300841895
115,0.0,1.0,1.0,0.001517751021310687,1.0,0.24400782585144043,4425.501467315097,d1000_B1000_R7_20251106_193320,2025-11-06 19:34:24,1000,40,1000,158.11388300841895
116,0.0,1.0,1.0,0.001517751021310687,1.0,0.19365191459655762,4430.786232889832,d1000_B1000_R7_20251106_193320,2025-11-06 19:34:24,1000,40,1000,158.11388300841895
117,0.0,1.0,1.0,0.001517751021310687,1.0,0.2749171257019043,4422.572493153597,d1000_B1000_R7_20251106_193320,2025-11-06 19:34:24,1000,40,1000,158.11388300841895
118,0.0,1.0,1.0,0.001517751021310687,1.0,0.23178601264953613,4421.600928815627,d1000_B1000_R7_20251106_193320,2025-11-06 19:34:24,1000,40,1000,158.11388300841895
119,0.0,1.0,1.0,0.001517751021310687,1.0,0.19609308242797852,4426.43904181717,d1000_B1000_R7_20251106_193320,2025-11-06 19:34:24,1000,40,1000,158.11388300841895
120,0.0,1.0,1.0,0.001517751021310687,1.0,0.1984410285949707,4430.821933965621,d1000_B1000_R7_20251106_193320,2025-11-06 19:34:24,1000,40,1000,158.11388300841895
121,0.0,1.0,1.0,0.001517751021310687,1.0,0.2318248748779297,4429.5981541752835,d1000_B1000_R7_20251106_193320,2025-11-06 19:34:24,1000,40,1000,158.11388300841895
122,0.0,1.0,1.0,0.001517751021310687,1.0,0.19542598724365234,4434.334832917866,d1000_B1000_R7_20251106_193320,2025-11-06 19:34:24,1000,40,1000,158.11388300841895
123,0.0,1.0,1.0,0.001517751021310687,1.0,0.22072911262512207,4435.006200258162,d1000_B1000_R7_20251106_193320,2025-11-06 19:34:24,1000,40,1000,158.11388300841895
124,0.0,1.0,1.0,0.001517751021310687,1.0,0.18274593353271484,4441.700499437998,d1000_B1000_R7_20251106_193320,2025-11-06 19:34:24,1000,40,1000,158.11388300841895
125,0.0,1.0,1.0,0.001517751021310687,1.0,0.23507308959960938,4440.110863156712,d1000_B1000_R7_20251106_193320,2025-11-06 19:34:24,1000,40,1000,158.11388300841895
126,0.0,1.0,1.0,0.001517751021310687,1.0,0.19652295112609863,4444.531583079423,d1000_B1000_R7_20251106_193320,2025-11-06 19:34:24,1000,40,1000,158.11388300841895
127,0.0,1.0,1.0,0.001517751021310687,1.0,0.6199588775634766,4384.368140019398,d1000_B1000_R7_20251106_193320,2025-11-06 19:34:24,1000,40,1000,158.11388300841895
128,0.0,1.0,1.0,0.001517751021310687,1.0,0.2539956569671631,4380.433545073296,d1000_B1000_R7_20251106_193320,2025-11-06 19:34:24,1000,40,1000,158.11388300841895
129,0.0,1.0,1.0,0.001517751021310687,1.0,0.21007299423217773,4383.078962708877,d1000_B1000_R7_20251106_193320,2025-11-06 19:34:24,1000,40,1000,158.11388300841895
130,0.0,1.0,1.0,0.001517751021310687,1.0,0.18676090240478516,4389.126258015722,d1000_B1000_R7_20251106_193320,2025-11-06 19:34:24,1000,40,1000,158.11388300841895
131,0.0,1.0,1.0,0.001517751021310687,1.0,0.26044797897338867,4384.330864035632,d1000_B1000_R7_20251106_193320,2025-11-06 19:34:24,1000,40,1000,158.11388300841895
132,0.0,1.0,1.0,0.001517751021310687,1.0,0.20655107498168945,4387.360703143687,d1000_B1000_R7_20251106_193320,2025-11-06 19:34:24,1000,40,1000,158.11388300841895
133,0.0,1.0,1.0,0.001517751021310687,1.0,0.21751618385314941,4388.802597464073,d1000_B1000_R7_20251106_193320,2025-11-06 19:34:24,1000,40,1000,158.11388300841895
134,0.0,1.0,1.0,0.001517751021310687,1.0,0.23206806182861328,4388.15786210625,d1000_B1000_R7_20251106_193320,2025-11-06 19:34:24,1000,40,1000,158.11388300841895
135,0.0,1.0,1.0,0.001517751021310687,1.0,0.18750905990600586,4393.851137083389,d1000_B1000_R7_20251106_193320,2025-11-06 19:34:24,1000,40,1000,158.11388300841895
136,0.0,1.0,1.0,0.001517751021310687,1.0,0.2185518741607666,4395.032614256596,d1000_B1000_R7_20251106_193320,2025-11-06 19:34:24,1000,40,1000,158.11388300841895
137,0.0,1.0,1.0,0.001517751021310687,1.0,0.22289800643920898,4395.646992732275,d1000_B1000_R7_20251106_193320,2025-11-06 19:34:24,1000,40,1000,158.11388300841895
138,0.0,1.0,1.0,0.001517751021310687,1.0,0.24586081504821777,4393.072682132199,d1000_B1000_R7_20251106_193320,2025-11-06 19:34:24,1000,40,1000,158.11388300841895
139,0.0,1.0,1.0,0.001517751021310687,1.0,0.18044090270996094,4399.550873147828,d1000_B1000_R7_20251106_193320,2025-11-06 19:34:24,1000,40,1000,158.11388300841895
140,0.0,1.0,1.0,0.001517751021310687,1.0,0.2086772918701172,4402.059969549701,d1000_B1000_R7_20251106_193320,2025-11-06 19:34:24,1000,40,1000,158.11388300841895
141,0.0,1.0,1.0,0.001517751021310687,1.0,0.230637788772583,4401.5432885047185,d1000_B1000_R7_20251106_193320,2025-11-06 19:34:24,1000,40,1000,158.11388300841895
142,0.0,1.0,1.0,0.001517751021310687,1.0,0.23806118965148926,4400.042252579532,d1000_B1000_R7_20251106_193320,2025-11-06 19:34:24,1000,40,1000,158.11388300841895
143,0.0,1.0,1.0,0.001517751021310687,1.0,0.2369980812072754,4398.698955285669,d1000_B1000_R7_20251106_193320,2025-11-06 19:34:24,1000,40,1000,158.11388300841895
144,0.0,1.0,1.0,0.001517751021310687,1.0,0.1936509609222412,4403.15948918306,d1000_B1000_R7_20251106_193320,2025-11-06 19:34:24,1000,40,1000,158.11388300841895
145,0.0,1.0,1.0,0.001517751021310687,1.0,0.20927071571350098,4405.340604544507,d1000_B1000_R7_20251106_193320,2025-11-06 19:34:24,1000,40,1000,158.11388300841895
146,0.0,1.0,1.0,0.001517751021310687,1.0,0.24768686294555664,4402.546328125925,d1000_B1000_R7_20251106_193320,2025-11-06 19:34:24,1000,40,1000,158.11388300841895
147,0.0,1.0,1.0,0.001517751021310687,1.0,0.21375823020935059,4404.271420423225,d1000_B1000_R7_20251106_193320,2025-11-06 19:34:24,1000,40,1000,158.11388300841895
148,0.0,1.0,1.0,0.001517751021310687,1.0,0.21834588050842285,4405.348238866389,d1000_B1000_R7_20251106_193320,2025-11-06 19:34:24,1000,40,1000,158.11388300841895
149,0.0,1.0,1.0,0.001517751021310687,1.0,0.24522805213928223,4402.955604432371,d1000_B1000_R7_20251106_193320,2025-11-06 19:34:24,1000,40,1000,158.11388300841895
150,0.0,1.0,1.0,0.001517751021310687,1.0,0.25225305557250977,4399.4238750241675,d1000_B1000_R7_20251106_193320,2025-11-06 19:34:24,1000,40,1000,158.11388300841895
151,0.0,1.0,1.0,0.001517751021310687,1.0,0.2549147605895996,4395.851143188523,d1000_B1000_R7_20251106_193320,2025-11-06 19:34:24,1000,40,1000,158.11388300841895
152,0.0,1.0,1.0,0.001517751021310687,1.0,0.1631019115447998,4403.963943205348,d1000_B1000_R7_20251106_193320,2025-11-06 19:34:24,1000,40,1000,158.11388300841895
153,0.0,1.0,1.0,0.001517751021310687,1.0,0.1314859390258789,4416.009800720564,d1000_B1000_R7_20251106_193320,2025-11-06 19:34:24,1000,40,1000,158.11388300841895
154,0.0,1.0,1.0,0.001517751021310687,1.0,0.2505168914794922,4412.9513922776705,d1000_B1000_R7_20251106_193320,2025-11-06 19:34:24,1000,40,1000,158.11388300841895
155,0.0,1.0,1.0,0.001517751021310687,1.0,0.22890686988830566,4412.606952006626,d1000_B1000_R7_20251106_193320,2025-11-06 19:34:24,1000,40,1000,158.11388300841895
156,0.0,1.0,1.0,0.001517751021310687,1.0,0.37699103355407715,4393.975628227121,d1000_B1000_R7_20251106_193320,2025-11-06 19:34:24,1000,40,1000,158.11388300841895
157,0.0,1.0,1.0,0.001517751021310687,1.0,0.19899225234985352,4397.330298425765,d1000_B1000_R7_20251106_193320,2025-11-06 19:34:24,1000,40,1000,158.11388300841895
158,0.0,1.0,1.0,0.001517751021310687,1.0,0.3058178424835205,4387.77828160787,d1000_B1000_R7_20251106_193320,2025-11-06 19:34:24,1000,40,1000,158.11388300841895
159,0.0,1.0,1.0,0.001517751021310687,1.0,0.23414206504821777,4387.005635387495,d1000_B1000_R7_20251106_193320,2025-11-06 19:34:24,1000,40,1000,158.11388300841895
160,0.0,1.0,1.0,0.001517751021310687,1.0,0.30846714973449707,4377.365961075749,d1000_B1000_R7_20251106_193320,2025-11-06 19:34:24,1000,40,1000,158.11388300841895
161,0.0,1.0,1.0,0.001517751021310687,1.0,0.28842902183532715,4370.253986441841,d1000_B1000_R7_20251106_193320,2025-11-06 19:34:24,1000,40,1000,158.11388300841895
162,0.0,1.0,1.0,0.001517751021310687,1.0,0.19070792198181152,4374.700239459056,d1000_B1000_R7_20251106_193320,2025-11-06 19:34:24,1000,40,1000,158.11388300841895
163,0.0,1.0,1.0,0.001517751021310687,1.0,0.2610511779785156,4370.825546387938,d1000_B1000_R7_20251106_193320,2025-11-06 19:34:24,1000,40,1000,158.11388300841895
164,0.0,1.0,1.0,0.001517751021310687,1.0,0.1999979019165039,4373.929902363663,d1000_B1000_R7_20251106_193320,2025-11-06 19:34:24,1000,40,1000,158.11388300841895
165,0.0,1.0,1.0,0.001517751021310687,1.0,0.22062897682189941,4374.8233917897305,d1000_B1000_R7_20251106_193320,2025-11-06 19:34:24,1000,40,1000,158.11388300841895
166,0.0,1.0,1.0,0.001517751021310687,1.0,0.21734309196472168,4376.0850532751265,d1000_B1000_R7_20251106_193320,2025-11-06 19:34:24,1000,40,1000,158.11388300841895
167,0.0,1.0,1.0,0.001517751021310687,1.0,0.14893221855163574,4385.148317174931,d1000_B1000_R7_20251106_193320,2025-11-06 19:34:24,1000,40,1000,158.11388300841895
168,0.0,1.0,1.0,0.001517751021310687,1.0,0.22055792808532715,4385.975624579837,d1000_B1000_R7_20251106_193320,2025-11-06 19:34:24,1000,40,1000,158.11388300841895
169,0.0,1.0,1.0,0.001517751021310687,1.0,0.19136738777160645,4390.082735160342,d1000_B1000_R7_20251106_193320,2025-11-06 19:34:24,1000,40,1000,158.11388300841895
170,0.0,1.0,1.0,0.001517751021310687,1.0,0.18434882164001465,4394.950989676835,d1000_B1000_R7_20251106_193320,2025-11-06 19:34:24,1000,40,1000,158.11388300841895
171,0.0,1.0,1.0,0.001517751021310687,1.0,0.18848109245300293,4399.28744280302,d1000_B1000_R7_20251106_193320,2025-11-06 19:34:24,1000,40,1000,158.11388300841895
172,0.0,1.0,1.0,0.001517751021310687,1.0,0.22448396682739258,4399.575662912407,d1000_B1000_R7_20251106_193320,2025-11-06 19:34:24,1000,40,1000,158.11388300841895
173,0.0,1.0,1.0,0.001517751021310687,1.0,0.17262578010559082,4405.630365610405,d1000_B1000_R7_20251106_193320,2025-11-06 19:34:24,1000,40,1000,158.11388300841895
174,0.0,1.0,1.0,0.001517751021310687,1.0,0.20285797119140625,4408.288203929838,d1000_B1000_R7_20251106_193320,2025-11-06 19:34:24,1000,40,1000,158.11388300841895
175,0.0,1.0,1.0,0.001517751021310687,1.0,0.16282415390014648,4415.3435489528165,d1000_B1000_R7_20251106_193320,2025-11-06 19:34:24,1000,40,1000,158.11388300841895
176,0.0,1.0,1.0,0.001517751021310687,1.0,0.14791011810302734,4423.988800510633,d1000_B1000_R7_20251106_193320,2025-11-06 19:34:24,1000,40,1000,158.11388300841895
177,0.0,1.0,1.0,0.001517751021310687,1.0,0.21836495399475098,4424.809137143619,d1000_B1000_R7_20251106_193320,2025-11-06 19:34:24,1000,40,1000,158.11388300841895
178,0.0,1.0,1.0,0.001517751021310687,1.0,0.2176051139831543,4425.697958525188,d1000_B1000_R7_20251106_193320,2025-11-06 19:34:24,1000,40,1000,158.11388300841895
179,0.0,1.0,1.0,0.001517751021310687,1.0,0.2431187629699707,4423.808325002427,d1000_B1000_R7_20251106_193320,2025-11-06 19:34:24,1000,40,1000,158.11388300841895
180,0.0,1.0,1.0,0.001517751021310687,1.0,0.1797349452972412,4428.795302541239,d1000_B1000_R7_20251106_193320,2025-11-06 19:34:24,1000,40,1000,158.11388300841895
181,0.0,1.0,1.0,0.001517751021310687,1.0,0.21567821502685547,4429.865197380286,d1000_B1000_R7_20251106_193320,2025-11-06 19:34:24,1000,40,1000,158.11388300841895
182,0.0,1.0,1.0,0.001517751021310687,1.0,0.1844041347503662,4434.277759149111,d1000_B1000_R7_20251106_193320,2025-11-06 19:34:24,1000,40,1000,158.11388300841895
183,0.0,1.0,1.0,0.001517751021310687,1.0,0.18072795867919922,4439.047481215428,d1000_B1000_R7_20251106_193320,2025-11-06 19:34:24,1000,40,1000,158.11388300841895
184,0.0,1.0,1.0,0.001517751021310687,1.0,0.2042839527130127,4441.244313847552,d1000_B1000_R7_20251106_193320,2025-11-06 19:34:24,1000,40,1000,158.11388300841895
185,0.0,1.0,1.0,0.001517751021310687,1.0,0.3697538375854492,4425.835241224361,d1000_B1000_R7_20251106_193320,2025-11-06 19:34:24,1000,40,1000,158.11388300841895
186,0.0,1.0,1.0,0.001517751021310687,1.0,0.15857410430908203,4432.870744289109,d1000_B1000_R7_20251106_193320,2025-11-06 19:34:24,1000,40,1000,158.11388300841895
187,0.0,1.0,1.0,0.001517751021310687,1.0,0.17597103118896484,4438.043172340737,d1000_B1000_R7_20251106_193320,2025-11-06 19:34:24,1000,40,1000,158.11388300841895
188,0.0,1.0,1.0,0.001517751021310687,1.0,0.22668790817260742,4437.886114268586,d1000_B1000_R7_20251106_193320,2025-11-06 19:34:24,1000,40,1000,158.11388300841895
189,0.0,1.0,1.0,0.001517751021310687,1.0,0.190155029296875,4441.511097368934,d1000_B1000_R7_20251106_193320,2025-11-06 19:34:24,1000,40,1000,158.11388300841895
190,0.0,1.0,1.0,0.001517751021310687,1.0,0.17259812355041504,4446.918813213566,d1000_B1000_R7_20251106_193320,2025-11-06 19:34:24,1000,40,1000,158.11388300841895
191,0.0,1.0,1.0,0.001517751021310687,1.0,0.1483309268951416,4454.755996085687,d1000_B1000_R7_20251106_193320,2025-11-06 19:34:24,1000,40,1000,158.11388300841895
192,0.0,1.0,1.0,0.001517751021310687,1.0,0.18625211715698242,4458.647753570441,d1000_B1000_R7_20251106_193320,2025-11-06 19:34:24,1000,40,1000,158.11388300841895
193,0.0,1.0,1.0,0.001517751021310687,1.0,0.15576863288879395,4465.660921759924,d1000_B1000_R7_20251106_193320,2025-11-06 19:34:24,1000,40,1000,158.11388300841895
194,0.0,1.0,1.0,0.001517751021310687,1.0,0.18491697311401367,4469.622475840661,d1000_B1000_R7_20251106_193320,2025-11-06 19:34:24,1000,40,1000,158.11388300841895
195,0.0,1.0,1.0,0.001517751021310687,1.0,0.1605520248413086,4476.049531523414,d1000_B1000_R7_20251106_193320,2025-11-06 19:34:24,1000,40,1000,158.11388300841895
196,0.0,1.0,1.0,0.001517751021310687,1.0,0.1667771339416504,4481.771537711038,d1000_B1000_R7_20251106_193320,2025-11-06 19:34:24,1000,40,1000,158.11388300841895
197,0.0,1.0,1.0,0.001517751021310687,1.0,0.19028186798095703,4485.067602871224,d1000_B1000_R7_20251106_193320,2025-11-06 19:34:24,1000,40,1000,158.11388300841895
198,0.0,1.0,1.0,0.001517751021310687,1.0,0.18286919593811035,4489.0968063024175,d1000_B1000_R7_20251106_193320,2025-11-06 19:34:24,1000,40,1000,158.11388300841895
199,0.0,1.0,1.0,0.001517751021310687,1.0,0.16645598411560059,4494.7485927146645,d1000_B1000_R7_20251106_193320,2025-11-06 19:34:24,1000,40,1000,158.11388300841895
200,0.0,1.0,1.0,0.001517751021310687,1.0,0.21677899360656738,4495.304872978026,d1000_B1000_R7_20251106_193320,2025-11-06 19:34:24,1000,40,1000,158.11388300841895
201,0.0,1.0,1.0,0.001517751021310687,1.0,0.1622941493988037,4501.26466897966,d1000_B1000_R7_20251106_193320,2025-11-06 19:34:24,1000,40,1000,158.11388300841895
202,0.0,1.0,1.0,0.001517751021310687,1.0,0.17725205421447754,4505.7233984534105,d1000_B1000_R7_20251106_193320,2025-11-06 19:34:24,1000,40,1000,158.11388300841895
203,0.0,1.0,1.0,0.001517751021310687,1.0,0.17805099487304688,4510.075403940192,d1000_B1000_R7_20251106_193320,2025-11-06 19:34:24,1000,40,1000,158.11388300841895
204,0.0,1.0,1.0,0.001517751021310687,1.0,0.17250680923461914,4514.907350736409,d1000_B1000_R7_20251106_193320,2025-11-06 19:34:24,1000,40,1000,158.11388300841895
205,0.0,1.0,1.0,0.001517751021310687,1.0,0.19335293769836426,4517.669884656096,d1000_B1000_R7_20251106_193320,2025-11-06 19:34:24,1000,40,1000,158.11388300841895
206,0.0,1.0,1.0,0.001517751021310687,1.0,0.15842580795288086,4523.848461732424,d1000_B1000_R7_20251106_193320,2025-11-06 19:34:24,1000,40,1000,158.11388300841895
207,0.0,1.0,1.0,0.001517751021310687,1.0,0.1792919635772705,4527.9392615683855,d1000_B1000_R7_20251106_193320,2025-11-06 19:34:24,1000,40,1000,158.11388300841895
208,0.0,1.0,1.0,0.001517751021310687,1.0,0.17157793045043945,4532.761834432297,d1000_B1000_R7_20251106_193320,2025-11-06 19:34:24,1000,40,1000,158.11388300841895
209,0.0,1.0,1.0,0.001517751021310687,1.0,0.189622163772583,4535.772365284672,d1000_B1000_R7_20251106_193320,2025-11-06 19:34:24,1000,40,1000,158.11388300841895
210,0.0,1.0,1.0,0.001517751021310687,1.0,0.18012595176696777,4539.6881193866,d1000_B1000_R7_20251106_193320,2025-11-06 19:34:24,1000,40,1000,158.11388300841895
211,0.0,1.0,1.0,0.001517751021310687,1.0,0.17780780792236328,4543.804040562492,d1000_B1000_R7_20251106_193320,2025-11-06 19:34:24,1000,40,1000,158.11388300841895
212,0.0,1.0,1.0,0.001517751021310687,1.0,0.21846461296081543,4543.920149515195,d1000_B1000_R7_20251106_193320,2025-11-06 19:34:24,1000,40,1000,158.11388300841895
213,0.0,1.0,1.0,0.001517751021310687,1.0,0.1812889575958252,4547.642313593966,d1000_B1000_R7_20251106_193320,2025-11-06 19:34:24,1000,40,1000,158.11388300841895
214,0.0,1.0,1.0,0.001517751021310687,1.0,0.16842293739318848,4552.579123960187,d1000_B1000_R7_20251106_193320,2025-11-06 19:34:24,1000,40,1000,158.11388300841895
215,0.0,1.0,1.0,0.001517751021310687,1.0,0.17640399932861328,4556.712853515623,d1000_B1000_R7_20251106_193320,2025-11-06 19:34:24,1000,40,1000,158.11388300841895
216,0.0,1.0,1.0,0.001517751021310687,1.0,0.16700291633605957,4561.722630790949,d1000_B1000_R7_20251106_193320,2025-11-06 19:34:24,1000,40,1000,158.11388300841895
217,0.0,1.0,1.0,0.001517751021310687,1.0,0.1802968978881836,4565.416349571949,d1000_B1000_R7_20251106_193320,2025-11-06 19:34:24,1000,40,1000,158.11388300841895
218,0.0,1.0,1.0,0.001517751021310687,1.0,0.19912314414978027,4567.26997752992,d1000_B1000_R7_20251106_193320,2025-11-06 19:34:24,1000,40,1000,158.11388300841895
219,0.0,1.0,1.0,0.001517751021310687,1.0,0.20342206954956055,4568.723518643267,d1000_B1000_R7_20251106_193320,2025-11-06 19:34:24,1000,40,1000,158.11388300841895
220,0.0,1.0,1.0,0.001517751021310687,1.0,0.15805292129516602,4574.458991362938,d1000_B1000_R7_20251106_193320,2025-11-06 19:34:24,1000,40,1000,158.11388300841895
221,0.0,1.0,1.0,0.001517751021310687,1.0,0.17487382888793945,4578.57197574953,d1000_B1000_R7_20251106_193320,2025-11-06 19:34:24,1000,40,1000,158.11388300841895
222,0.0,1.0,1.0,0.001517751021310687,1.0,0.16105079650878906,4583.936371559567,d1000_B1000_R7_20251106_193320,2025-11-06 19:34:24,1000,40,1000,158.11388300841895
223,0.0,1.0,1.0,0.001517751021310687,1.0,0.20063996315002441,4585.557815629039,d1000_B1000_R7_20251106_193320,2025-11-06 19:34:24,1000,40,1000,158.11388300841895
224,0.0,1.0,1.0,0.001517751021310687,1.0,0.15300893783569336,4591.60480961737,d1000_B1000_R7_20251106_193320,2025-11-06 19:34:24,1000,40,1000,158.11388300841895
225,0.0,1.0,1.0,0.001517751021310687,1.0,0.18924188613891602,4594.256045232193,d1000_B1000_R7_20251106_193320,2025-11-06 19:34:24,1000,40,1000,158.11388300841895
226,0.0,1.0,1.0,0.001517751021310687,1.0,0.17650723457336426,4598.068941163937,d1000_B1000_R7_20251106_193320,2025-11-06 19:34:24,1000,40,1000,158.11388300841895
227,0.0,1.0,1.0,0.001517751021310687,1.0,0.164276123046875,4602.9838808086515,d1000_B1000_R7_20251106_193320,2025-11-06 19:34:24,1000,40,1000,158.11388300841895
228,0.0,1.0,1.0,0.001517751021310687,1.0,0.17969584465026855,4606.420707392913,d1000_B1000_R7_20251106_193320,2025-11-06 19:34:24,1000,40,1000,158.11388300841895
229,0.0,1.0,1.0,0.001517751021310687,1.0,0.20366907119750977,4607.635157149942,d1000_B1000_R7_20251106_193320,2025-11-06 19:34:24,1000,40,1000,158.11388300841895
230,0.0,1.0,1.0,0.001517751021310687,1.0,0.1918168067932129,4609.928881756068,d1000_B1000_R7_20251106_193320,2025-11-06 19:34:24,1000,40,1000,158.11388300841895
231,0.0,1.0,1.0,0.001517751021310687,1.0,0.1856372356414795,4612.776057996906,d1000_B1000_R7_20251106_193320,2025-11-06 19:34:24,1000,40,1000,158.11388300841895
232,0.0,1.0,1.0,0.001517751021310687,1.0,0.1987309455871582,4614.365320387884,d1000_B1000_R7_20251106_193320,2025-11-06 19:34:24,1000,40,1000,158.11388300841895
233,0.0,1.0,1.0,0.001517751021310687,1.0,0.19477415084838867,4616.327300296262,d1000_B1000_R7_20251106_193320,2025-11-06 19:34:24,1000,40,1000,158.11388300841895
234,0.0,1.0,1.0,0.001517751021310687,1.0,0.16881585121154785,4620.647226442811,d1000_B1000_R7_20251106_193320,2025-11-06 19:34:24,1000,40,1000,158.11388300841895
235,0.0,1.0,1.0,0.001517751021310687,1.0,0.1872413158416748,4623.265025769351,d1000_B1000_R7_20251106_193320,2025-11-06 19:34:24,1000,40,1000,158.11388300841895
236,0.0,1.0,1.0,0.001517751021310687,1.0,0.20484495162963867,4624.2807884186,d1000_B1000_R7_20251106_193320,2025-11-06 19:34:24,1000,40,1000,158.11388300841895
237,0.0,1.0,1.0,0.001517751021310687,1.0,0.16820597648620605,4628.580357570926,d1000_B1000_R7_20251106_193320,2025-11-06 19:34:24,1000,40,1000,158.11388300841895
238,0.0,1.0,1.0,0.001517751021310687,1.0,0.2077798843383789,4629.2983003912395,d1000_B1000_R7_20251106_193320,2025-11-06 19:34:24,1000,40,1000,158.11388300841895
239,0.0,1.0,1.0,0.001517751021310687,1.0,0.16717314720153809,4633.634293508363,d1000_B1000_R7_20251106_193320,2025-11-06 19:34:24,1000,40,1000,158.11388300841895
240,0.0,1.0,1.0,0.001517751021310687,1.0,0.16454505920410156,4638.186981427411,d1000_B1000_R7_20251106_193320,2025-11-06 19:34:24,1000,40,1000,158.11388300841895
241,0.0,1.0,1.0,0.001517751021310687,1.0,0.1897890567779541,4640.460944975548,d1000_B1000_R7_20251106_193320,2025-11-06 19:34:24,1000,40,1000,158.11388300841895
242,0.0,1.0,1.0,0.001517751021310687,1.0,0.18726587295532227,4642.950892639418,d1000_B1000_R7_20251106_193320,2025-11-06 19:34:24,1000,40,1000,158.11388300841895
243,0.0,1.0,1.0,0.001517751021310687,1.0,0.17285990715026855,4646.674607736752,d1000_B1000_R7_20251106_193320,2025-11-06 19:34:24,1000,40,1000,158.11388300841895
244,0.0,1.0,1.0,0.001517751021310687,1.0,0.18176531791687012,4649.607748294102,d1000_B1000_R7_20251106_193320,2025-11-06 19:34:24,1000,40,1000,158.11388300841895
245,0.0,1.0,1.0,0.001517751021310687,1.0,0.1600329875946045,4654.430834140262,d1000_B1000_R7_20251106_193320,2025-11-06 19:34:24,1000,40,1000,158.11388300841895
246,0.0,1.0,1.0,0.001517751021310687,1.0,0.1670229434967041,4658.60832968504,d1000_B1000_R7_20251106_193320,2025-11-06 19:34:24,1000,40,1000,158.11388300841895
247,0.0,1.0,1.0,0.001517751021310687,1.0,0.19285917282104492,4660.4691353554235,d1000_B1000_R7_20251106_193320,2025-11-06 19:34:24,1000,40,1000,158.11388300841895
248,0.0,1.0,1.0,0.001517751021310687,1.0,0.21519207954406738,4660.3546640249315,d1000_B1000_R7_20251106_193320,2025-11-06 19:34:24,1000,40,1000,158.11388300841895
249,0.0,1.0,1.0,0.001517751021310687,1.0,0.1490471363067627,4666.040052004531,d1000_B1000_R7_20251106_193320,2025-11-06 19:34:24,1000,40,1000,158.11388300841895
250,0.0,1.0,1.0,0.001517751021310687,1.0,0.20258307456970215,4667.035914333146,d1000_B1000_R7_20251106_193320,2025-11-06 19:34:24,1000,40,1000,158.11388300841895
251,0.0,1.0,1.0,0.001517751021310687,1.0,0.18566322326660156,4669.488348443463,d1000_B1000_R7_20251106_193320,2025-11-06 19:34:24,1000,40,1000,158.11388300841895
252,0.0,1.0,1.0,0.001517751021310687,1.0,0.1641252040863037,4673.756137807204,d1000_B1000_R7_20251106_193320,2025-11-06 19:34:24,1000,40,1000,158.11388300841895
253,0.0,1.0,1.0,0.001517751021310687,1.0,0.17946600914001465,4676.704833089771,d1000_B1000_R7_20251106_193320,2025-11-06 19:34:24,1000,40,1000,158.11388300841895
254,0.0,1.0,1.0,0.001517751021310687,1.0,0.18646717071533203,4679.02590919868,d1000_B1000_R7_20251106_193320,2025-11-06 19:34:24,1000,40,1000,158.11388300841895
255,0.0,1.0,1.0,0.001517751021310687,1.0,0.16922497749328613,4682.818456703552,d1000_B1000_R7_20251106_193320,2025-11-06 19:34:24,1000,40,1000,158.11388300841895
256,0.0,1.0,1.0,0.001517751021310687,1.0,0.19062089920043945,4684.760835568172,d1000_B1000_R7_20251106_193320,2025-11-06 19:34:24,1000,40,1000,158.11388300841895
257,0.0,1.0,1.0,0.001517751021310687,1.0,0.2017960548400879,4685.713742845692,d1000_B1000_R7_20251106_193320,2025-11-06 19:34:24,1000,40,1000,158.11388300841895
258,0.0,1.0,1.0,0.001517751021310687,1.0,0.1919879913330078,4687.5040253666075,d1000_B1000_R7_20251106_193320,2025-11-06 19:34:24,1000,40,1000,158.11388300841895
259,0.0,1.0,1.0,0.001517751021310687,1.0,0.14792919158935547,4693.015687231669,d1000_B1000_R7_20251106_193320,2025-11-06 19:34:24,1000,40,1000,158.11388300841895
260,0.0,1.0,1.0,0.001517751021310687,1.0,0.22305917739868164,4692.1599707441155,d1000_B1000_R7_20251106_193320,2025-11-06 19:34:24,1000,40,1000,158.11388300841895
261,0.0,1.0,1.0,0.001517751021310687,1.0,0.12303400039672852,4699.717564293573,d1000_B1000_R7_20251106_193320,2025-11-06 19:34:24,1000,40,1000,158.11388300841895
262,0.0,1.0,1.0,0.001517751021310687,1.0,0.18294095993041992,4702.191533669465,d1000_B1000_R7_20251106_193320,2025-11-06 19:34:24,1000,40,1000,158.11388300841895
263,0.0,1.0,1.0,0.001517751021310687,1.0,0.21558022499084473,4701.927553926213,d1000_B1000_R7_20251106_193320,2025-11-06 19:34:24,1000,40,1000,158.11388300841895
264,0.0,1.0,1.0,0.001517751021310687,1.0,0.19624710083007812,4703.272920961587,d1000_B1000_R7_20251106_193320,2025-11-06 19:34:24,1000,40,1000,158.11388300841895
265,0.0,1.0,1.0,0.001517751021310687,1.0,0.16851019859313965,4706.9091043357785,d1000_B1000_R7_20251106_193320,2025-11-06 19:34:24,1000,40,1000,158.11388300841895
266,0.0,1.0,1.0,0.001517751021310687,1.0,0.16619491577148438,4710.737117121556,d1000_B1000_R7_20251106_193320,2025-11-06 19:34:24,1000,40,1000,158.11388300841895
267,0.0,1.0,1.0,0.001517751021310687,1.0,0.20079803466796875,4711.668080689469,d1000_B1000_R7_20251106_193320,2025-11-06 19:34:24,1000,40,1000,158.11388300841895
268,0.0,1.0,1.0,0.001517751021310687,1.0,0.18108105659484863,4714.224518524187,d1000_B1000_R7_20251106_193320,2025-11-06 19:34:24,1000,40,1000,158.11388300841895
269,0.0,1.0,1.0,0.001517751021310687,1.0,0.17077398300170898,4717.612073345498,d1000_B1000_R7_20251106_193320,2025-11-06 19:34:24,1000,40,1000,158.11388300841895
270,0.0,1.0,1.0,0.001517751021310687,1.0,0.18749594688415527,4719.6041635224265,d1000_B1000_R7_20251106_193320,2025-11-06 19:34:24,1000,40,1000,158.11388300841895
271,0.0,1.0,1.0,0.001517751021310687,1.0,0.19124722480773926,4721.277161294349,d1000_B1000_R7_20251106_193320,2025-11-06 19:34:24,1000,40,1000,158.11388300841895
272,0.0,1.0,1.0,0.001517751021310687,1.0,0.18159198760986328,4723.638513480609,d1000_B1000_R7_20251106_193320,2025-11-06 19:34:24,1000,40,1000,158.11388300841895
273,0.0,1.0,1.0,0.001517751021310687,1.0,0.1656041145324707,4727.3535351351475,d1000_B1000_R7_20251106_193320,2025-11-06 19:34:24,1000,40,1000,158.11388300841895
274,0.0,1.0,1.0,0.001517751021310687,1.0,0.18429207801818848,4729.545435897929,d1000_B1000_R7_20251106_193320,2025-11-06 19:34:24,1000,40,1000,158.11388300841895
275,0.0,1.0,1.0,0.001517751021310687,1.0,0.15770602226257324,4733.884931044097,d1000_B1000_R7_20251106_193320,2025-11-06 19:34:24,1000,40,1000,158.11388300841895
276,0.0,1.0,1.0,0.001517751021310687,1.0,0.2171781063079834,4733.388236273725,d1000_B1000_R7_20251106_193320,2025-11-06 19:34:24,1000,40,1000,158.11388300841895
277,0.0,1.0,1.0,0.001517751021310687,1.0,0.17624306678771973,4736.193520173955,d1000_B1000_R7_20251106_193320,2025-11-06 19:34:24,1000,40,1000,158.11388300841895
278,0.0,1.0,1.0,0.001517751021310687,1.0,0.19298219680786133,4737.635594891593,d1000_B1000_R7_20251106_193320,2025-11-06 19:34:24,1000,40,1000,158.11388300841895
279,0.0,1.0,1.0,0.001517751021310687,1.0,0.2051987648010254,4738.088149744622,d1000_B1000_R7_20251106_193320,2025-11-06 19:34:24,1000,40,1000,158.11388300841895
280,0.0,1.0,1.0,0.001517751021310687,1.0,0.16827702522277832,4741.4956089287825,d1000_B1000_R7_20251106_193320,2025-11-06 19:34:24,1000,40,1000,158.11388300841895
281,0.0,1.0,1.0,0.001517751021310687,1.0,0.15678882598876953,4745.780411896924,d1000_B1000_R7_20251106_193320,2025-11-06 19:34:24,1000,40,1000,158.11388300841895
282,0.0,1.0,1.0,0.001517751021310687,1.0,0.22412419319152832,4744.694458742183,d1000_B1000_R7_20251106_193320,2025-11-06 19:34:24,1000,40,1000,158.11388300841895
283,0.0,1.0,1.0,0.001517751021310687,1.0,0.20197606086730957,4745.373459178849,d1000_B1000_R7_20251106_193320,2025-11-06 19:34:24,1000,40,1000,158.11388300841895
284,0.0,1.0,1.0,0.001517751021310687,1.0,0.2031571865081787,4745.950054065344,d1000_B1000_R7_20251106_193320,2025-11-06 19:34:24,1000,40,1000,158.11388300841895
285,0.0,1.0,1.0,0.001517751021310687,1.0,0.2482621669769287,4742.973626992614,d1000_B1000_R7_20251106_193320,2025-11-06 19:34:24,1000,40,1000,158.11388300841895
286,0.0,1.0,1.0,0.001517751021310687,1.0,0.21296215057373047,4742.767181562135,d1000_B1000_R7_20251106_193320,2025-11-06 19:34:24,1000,40,1000,158.11388300841895
287,0.0,1.0,1.0,0.001517751021310687,1.0,0.1589040756225586,4746.817056315459,d1000_B1000_R7_20251106_193320,2025-11-06 19:34:24,1000,40,1000,158.11388300841895
288,0.0,1.0,1.0,0.001517751021310687,1.0,0.1358189582824707,4752.642873110136,d1000_B1000_R7_20251106_193320,2025-11-06 19:34:24,1000,40,1000,158.11388300841895
289,0.0,1.0,1.0,0.001517751021310687,1.0,0.1691749095916748,4755.837360790329,d1000_B1000_R7_20251106_193320,2025-11-06 19:34:24,1000,40,1000,158.11388300841895
290,0.0,1.0,1.0,0.001517751021310687,1.0,0.1629500389099121,4759.507727652778,d1000_B1000_R7_20251106_193320,2025-11-06 19:34:24,1000,40,1000,158.11388300841895
291,0.0,1.0,1.0,0.001517751021310687,1.0,0.17769598960876465,4762.007137531658,d1000_B1000_R7_20251106_193320,2025-11-06 19:34:24,1000,40,1000,158.11388300841895
292,0.0,1.0,1.0,0.001517751021310687,1.0,0.21171116828918457,4761.862122867459,d1000_B1000_R7_20251106_193320,2025-11-06 19:34:24,1000,40,1000,158.11388300841895
293,0.0,1.0,1.0,0.001517751021310687,1.0,0.18045711517333984,4764.1268928659965,d1000_B1000_R7_20251106_193320,2025-11-06 19:34:24,1000,40,1000,158.11388300841895
294,0.0,1.0,1.0,0.001517751021310687,1.0,0.174943208694458,4766.802837953549,d1000_B1000_R7_20251106_193320,2025-11-06 19:34:24,1000,40,1000,158.11388300841895
295,0.0,1.0,1.0,0.001517751021310687,1.0,0.1337909698486328,4772.619363259328,d1000_B1000_R7_20251106_193320,2025-11-06 19:34:24,1000,40,1000,158.11388300841895
296,0.0,1.0,1.0,0.001517751021310687,1.0,0.16249799728393555,4776.204532978642,d1000_B1000_R7_20251106_193320,2025-11-06 19:34:24,1000,40,1000,158.11388300841895
297,0.0,1.0,1.0,0.001517751021310687,1.0,0.12728190422058105,4782.480072014305,d1000_B1000_R7_20251106_193320,2025-11-06 19:34:24,1000,40,1000,158.11388300841895
298,0.0,1.0,1.0,0.001517751021310687,1.0,0.1603398323059082,4786.199127626512,d1000_B1000_R7_20251106_193320,2025-11-06 19:34:24,1000,40,1000,158.11388300841895
299,0.0,1.0,1.0,0.001517751021310687,1.0,0.14675092697143555,4790.928681092658,d1000_B1000_R7_20251106_193320,2025-11-06 19:34:24,1000,40,1000,158.11388300841895
